id,type,churn_date
13211,J,
13215,F,
13324,F,
13403,J,
13424,J,2021-06-04
13441,J,
13444,F,
13503,F,
13504,J,
13547,J,
13554,F,
13559,F,
13611,F,
13617,F,2021-07-21
13622,J,
13661,F,
13685,F,
13712,J,
13738,F,
13799,J,
13851,F,
13895,J,
14063,J,
14188,F,
14192,F,
14264,F,
14322,F,
14342,J,
14347,F,
14368,F,
14372,F,
14389,F,
14410,F,
14418,F,
14422,F,
14458,F,
14463,F,
14474,F,
14494,F,
14518,J,
14538,J,
14568,F,2021-06-15
14615,J,2021-06-07
14650,J,2021-05-28
14709,F,
14714,J,
14715,F,
14717,J,
14722,F,
14750,J,
14770,J,
14820,F,
14891,F,
14904,F,
14922,J,
14934,F,
15002,F,
15006,F,
15016,F,
15061,F,
15071,F,
15103,F,
15129,F,
15148,F,
15178,F,
15210,F,
15235,F,
15258,F,2021-07-27
15282,F,2021-02-11
15362,J,
15374,F,
15397,J,
15402,F,
15451,J,
15462,F,
15466,F,
15470,F,
15495,F,
15502,F,
15618,F,
15625,F,2021-04-26
15634,F,
15641,F,
15655,J,
15692,F,
15698,J,
15813,F,
15819,J,
15912,F,
15928,F,
15954,F,2021-01-05
15977,F,
15979,J,
16018,F,
16019,F,
16026,J,2021-01-20
16160,J,
16185,F,
16190,F,
16207,F,
16331,J,
16358,F,
16360,J,
16377,F,
16379,F,
16392,F,
16438,F,
16445,F,2021-01-15
16464,F,
16483,J,
16487,J,
16492,F,2021-07-07
16502,F,
16505,F,
16506,F,
16514,F,2021-05-18
16515,F,
16609,F,
16617,F,
16618,F,2021-06-28
16620,F,
16671,F,
16689,J,
16760,F,
16761,F,
16769,F,
16802,F,2021-02-07
16813,F,
16815,J,
16824,J,
16838,F,
16839,F,
16886,F,
16953,F,
16956,F,
16966,F,
16979,J,2021-01-12
16981,F,2021-03-24
17000,F,
17001,F,
17006,J,
17011,F,2021-03-01
17029,F,
17038,F,
17052,F,
17131,F,
17167,J,
17235,F,
17285,F,
17296,F,
17313,F,
17373,F,
17424,F,
17444,F,2021-02-19
17445,F,2021-03-03
17512,F,
17531,J,
17572,F,
17591,F,
17631,F,2021-03-22
17633,F,
17671,F,
17712,F,
17749,F,2021-07-19
17756,F,
17812,F,
17822,J,
17830,F,
17902,F,
17988,J,
17991,F,
18006,J,2021-06-04
18014,F,
18066,F,
18088,F,
18163,F,
18266,F,
18279,F,
18297,F,
18302,F,
18339,F,
18482,F,
18486,F,
18507,F,
18536,F,
18546,F,
18552,F,
18565,F,
18578,F,2021-02-02
18615,F,
18660,F,2021-03-18
18674,J,
18690,F,
18691,F,
18724,F,
18726,F,
18795,F,
18811,F,
18818,J,
18828,F,
18961,J,
18973,F,
18987,J,2021-02-18
19132,F,
19145,F,
19151,J,
19155,F,
19182,F,
19183,F,
19238,F,2021-05-13
19243,F,
19248,F,
19373,F,
19397,F,
19418,J,
19452,F,2021-02-26
19476,F,
19561,J,
19573,J,
19586,F,
19677,F,
19713,F,
19744,F,
19815,F,
19817,F,
19847,F,
19890,F,
19902,F,
19927,J,
19938,J,
19971,F,
19980,F,2021-01-03
19996,F,
20039,F,
20051,F,
20068,F,
20165,F,
20187,F,
20235,F,
20257,F,
20472,F,
20495,F,
20512,F,
20519,J,
20523,F,
20527,F,
20554,F,
20589,F,
20626,F,2021-01-20
20628,F,
20683,F,
20736,F,
20749,F,
20760,F,
20762,F,2021-07-26
20803,F,
20837,F,2021-07-30
20863,F,
20871,F,
20958,F,
20974,F,
21017,F,
21055,F,
21071,F,
21157,F,
21185,F,2021-02-26
21190,F,
21209,F,
21210,F,
21224,F,
21247,F,
21251,F,
21287,J,
21381,F,
21487,F,
21514,F,
21537,F,
21646,F,2021-01-09
21675,F,
21717,F,
21743,F,
21762,J,
21768,F,
21777,F,
21779,F,
21824,F,
21865,F,
21870,F,2021-02-22
21969,J,2021-02-26
22039,F,2021-03-05
22049,F,2021-03-24
22148,F,2021-06-15
22158,F,
22233,F,
22236,J,
22315,F,
22384,F,2021-03-30
22390,J,
22393,F,
22453,F,
22483,J,
22491,J,
22536,F,
22593,F,
22653,F,
22711,J,
22716,F,
22783,F,
22801,F,
22813,F,
22841,F,
22850,F,
22856,F,
22862,F,
22868,F,
22874,F,
22889,F,
22936,J,
22984,F,
23018,F,
23061,F,
23064,F,
23102,F,
23220,F,
23224,F,2021-03-05
23269,F,
23304,F,2021-05-04
23321,F,
23437,F,
23441,F,
23448,F,
23534,F,
23611,F,
23614,F,
23618,F,2021-03-09
23886,F,
23897,J,
23905,J,
23925,F,
23955,F,
23980,F,
24018,J,
24055,F,
24093,F,2021-04-16
24110,F,
24158,F,2021-06-09
24184,J,2021-05-17
24210,F,
24306,F,
24335,J,
24379,F,
24380,F,
24384,J,
24400,F,
24430,F,2021-04-12
24434,F,
24489,F,
24508,J,
24509,F,
24522,F,2021-07-23
24549,F,2021-06-19
24556,F,
24569,F,
24664,F,
24700,F,
24751,F,
24766,J,
24767,F,
24783,F,2021-04-20
24874,F,2021-04-28
24893,F,
24975,F,
24990,J,
25014,F,
25046,J,
25059,F,
25074,F,
25078,F,
25147,J,
25173,F,
25187,F,
25205,J,
25346,F,
25363,F,
25367,J,
25420,F,
25463,F,
25517,F,
25556,F,
25588,F,
25605,F,
25622,F,
25642,F,
25691,F,
25755,F,2021-04-28
25806,J,
25860,F,
25923,F,
26000,J,
26019,F,2021-03-20
26053,J,
26069,F,
26100,F,2021-03-01
26141,F,
26142,J,
26201,J,
26207,J,
26243,F,
26301,F,2021-01-04
26329,F,
26363,F,
26456,F,
26507,F,
26531,F,
26597,F,
26615,F,
26618,F,
26623,J,
26630,F,
26634,F,2021-05-31
26709,F,
26713,F,
26745,J,
26750,F,2021-04-28
26779,F,
26780,J,
26802,F,
26815,J,
26917,F,
26929,F,2021-06-15
26950,F,
26990,F,
27076,F,
27102,F,
27110,F,
27147,F,2021-08-20
27176,F,
27225,F,
27274,F,
27305,F,
27407,J,
27420,F,
27501,F,
27522,F,
27531,F,
27539,F,
27589,F,
27603,F,
27716,J,
27728,F,
27830,J,
27859,F,
27905,J,
27912,J,
27942,F,2021-02-09
27978,F,
27985,F,
28010,F,
28085,F,
28135,J,
28177,J,
28232,F,
28303,F,
28319,F,
28360,F,
28370,J,2021-01-03
28393,F,
28440,F,
28446,F,
28470,F,2021-02-08
28475,F,
28533,F,
28545,J,
28575,F,
28620,F,
28627,F,
28640,F,
28701,F,
28707,F,
28724,F,
28735,F,
28753,F,
28776,J,
28785,F,
28787,F,
28793,J,2021-02-22
28810,F,
28834,F,
28836,F,
28857,J,
28875,F,
28915,J,2021-08-31
29001,F,
29005,J,
29037,F,
29116,F,
29139,J,
29152,F,
29183,J,
29284,J,
29308,F,
29361,F,
29385,J,
29439,F,
29452,F,
29455,F,
29481,F,
29575,F,2021-04-05
29641,F,
29671,J,
29691,F,
29869,F,
29908,F,
29921,F,
29960,J,
29989,F,
30032,F,
30097,F,
30133,F,
30170,J,
30186,J,2021-07-07
30262,F,
30268,F,
30288,F,
30291,F,
30317,F,
30318,F,
30323,F,2021-06-28
30329,F,
30424,F,
30437,F,
30589,J,
30723,F,
30733,F,
30735,F,
30771,J,
30789,J,
30792,J,
30836,F,
30895,J,
30923,F,
31037,J,
31084,F,
31125,F,2021-07-13
31177,J,
31215,J,
31226,F,2021-08-19
31343,J,
31348,J,
31395,J,
31413,F,
31421,F,
31436,J,
31469,F,
31478,F,
31638,F,2021-01-03
31852,F,
31885,F,
31897,F,
31909,J,2021-05-24
31978,F,
32031,F,
32032,J,
32110,F,
32140,F,2021-01-07
32234,F,
32248,F,
32269,F,
32278,F,
32285,F,2021-08-18
32303,J,
32306,F,
32310,J,2021-04-20
32345,F,
32384,F,
32393,F,
32433,J,
32437,F,
32439,F,
32477,F,
32493,F,
32502,F,
32522,F,
32525,J,
32561,F,
32636,J,
32656,F,
32689,F,
32772,F,
32777,F,
32781,F,2021-08-03
32812,J,
32846,F,
32867,F,
32870,J,
33129,F,2021-03-04
33182,F,2021-02-09
33228,J,
33236,J,2021-07-22
33243,F,
33335,F,
33338,F,
33383,F,
33404,F,
33434,F,
33435,F,2021-07-20
33473,F,
33543,J,
33584,F,
33596,F,
33607,J,
33610,F,
33617,J,
33708,F,
33748,F,
33757,F,
33783,F,
33840,J,
33880,F,
33934,F,
33965,F,
34095,J,
34110,F,2021-08-06
34117,J,
34120,J,
34163,J,
34378,J,
34470,F,
34486,J,
34577,J,
34624,F,2021-03-30
34630,F,
34635,F,
34646,F,
34659,J,
34671,F,
34672,F,
34685,F,
34704,J,
34713,J,
34741,F,
34751,F,2021-08-18
34767,F,
34788,F,
34828,F,
34837,F,
34879,J,
34956,F,
34970,F,
34971,F,
34984,J,
34991,J,
34996,F,
35012,J,
35039,F,
35053,F,
35095,J,
35107,F,
35162,J,
35193,F,
35342,F,
35469,F,
35477,F,
35525,J,
35560,F,
35564,F,
35573,J,
35628,J,
35648,J,
35691,F,2021-04-12
35712,J,
35729,F,
35877,F,2021-08-25
35886,J,
35897,F,
35969,F,
35997,F,
36006,F,
36059,F,
36060,F,
36086,F,
36128,F,
36143,J,2021-02-08
36160,F,
36170,F,
36221,F,
36312,J,2021-07-28
36325,J,
36463,F,
36496,F,
36504,F,
36540,F,
36544,F,
36549,F,
36730,F,
36810,J,
36820,F,
36851,J,2021-06-15
36908,F,
36931,F,
36946,F,
37012,F,
37041,J,2021-04-05
37067,J,
37089,F,
37095,F,2021-02-10
37132,F,
37161,F,2021-07-20
37236,F,
37264,F,
37271,J,
37333,J,
37346,F,
37361,F,
37372,F,
37387,F,
37439,F,
37476,F,
37516,J,
37544,F,
37568,F,
37603,F,
37612,F,
37672,F,2021-08-02
37674,F,
37723,F,
37786,J,
37796,F,
37881,J,
37888,F,
37925,J,
38003,F,
38046,F,
38070,F,2021-06-25
38073,F,
38082,F,
38105,F,
38155,F,
38199,F,
38207,F,
38237,J,
38350,F,
38364,F,
38389,J,
38486,F,
38536,F,2021-08-18
38550,J,
38551,F,
38582,J,
38626,F,
38640,J,
38655,F,
38683,F,
38703,F,2021-01-02
38707,J,2021-07-13
38739,F,
38763,F,
38775,J,
38785,F,2021-03-16
38832,F,
38860,F,2021-03-21
38882,F,
38896,J,2021-01-15
38901,F,2021-02-22
38918,F,
38920,J,
38984,F,
39021,F,
39027,F,
39028,J,
39039,F,
39044,F,
39225,F,
39254,F,
39271,F,
39287,F,
39316,F,
39336,F,
39396,F,
39412,F,
39435,J,
39473,F,
39477,F,
39564,F,
39613,F,
39744,F,
39753,J,
39797,J,
39861,F,
39863,F,2021-01-20
39873,J,
39876,J,
39902,F,
39956,F,
39968,J,
40018,F,
40109,J,
40125,F,
40136,J,
40142,J,
40191,F,
40195,F,
40261,J,2021-05-08
40314,F,
40419,J,
40436,F,
40481,F,
40487,J,
40563,F,
40574,J,
40575,F,2021-05-03
40588,F,
40642,J,
40667,J,
40678,F,
40725,J,2021-03-09
40780,F,
40801,F,2021-06-27
40849,F,
40857,F,
40879,F,
40934,F,
40946,F,
40996,J,2021-06-01
41023,J,
41059,F,
41190,F,
41199,F,
41224,J,
41305,F,
41351,F,
41369,J,
41378,J,
41447,F,
41464,J,
41547,F,2021-07-09
41585,F,2021-03-26
41604,F,
41622,J,
41634,F,
41686,F,
41689,F,
41737,F,
41762,J,
41769,F,
41779,F,
41781,F,
41792,F,
41928,F,
41932,F,
41952,F,
42080,J,2021-01-04
42140,F,
42152,F,
42180,F,
42201,F,
42225,F,
42260,J,
42265,J,
42272,F,2021-05-25
42373,F,2021-05-10
42382,F,
42598,F,
42673,J,
42689,J,2021-06-01
42763,F,
42770,F,
42862,F,
42989,J,
43054,F,
43067,J,2021-04-13
43172,F,
43186,F,
43261,F,
43364,F,2021-06-30
43388,F,
43428,J,
43455,F,
43463,F,
43535,F,2021-05-14
43558,F,
43633,F,
43640,F,
43717,F,2021-05-25
43754,F,
43768,F,
43851,F,
43913,F,
43916,F,
43946,F,
43959,F,2021-04-20
43979,J,
44004,F,
44100,J,
44224,F,
44234,J,
44236,J,
44276,F,
44336,F,
44349,F,
44350,F,
44356,F,
44413,F,
44554,F,
44575,F,2021-02-24
44627,F,
44630,F,
44652,F,
44654,F,
44663,J,
44676,J,
44737,F,
44752,F,
44788,F,
44808,F,
44814,F,
44832,J,2021-05-11
44872,F,
44878,F,2021-05-26
44889,F,
44986,F,2021-03-22
44991,J,
44995,F,
45066,F,
45079,F,
45086,F,
45109,J,
45331,F,
45355,F,
45377,J,
45446,F,
45469,F,
45538,F,
45554,F,
45645,F,2021-05-04
45674,F,
45693,F,
45790,F,
45889,F,
46048,F,
46058,F,
46102,F,
46164,F,
46171,F,
46182,F,
46254,F,
46306,J,
46405,J,
46418,F,
46428,F,
46452,J,
46492,F,
46500,F,
46555,F,
46559,F,
46599,F,
46615,J,
46620,F,
46626,F,
46637,F,
46675,F,
46699,F,
46723,F,
46844,F,
46939,J,
46980,F,
47024,F,2021-01-08
47058,J,
47074,F,
47109,F,
47136,F,
47159,F,
47188,F,
47228,F,
47240,F,
47254,F,
47282,J,
47324,F,
47388,J,
47410,F,
47413,F,
47423,F,2021-07-07
47477,F,
47478,F,
47480,F,2021-06-04
47485,J,
47600,F,
47623,J,
47628,F,
47641,F,
47657,J,
47678,J,
47784,F,
47807,F,
47831,F,
47917,F,
47921,F,
47988,F,
48004,F,
48012,F,
48017,J,
48052,F,
48136,J,
48152,F,
48204,F,
48217,F,
48228,F,
48240,F,
48250,F,2021-03-18
48356,F,
48427,F,
48436,F,
48528,F,
48623,J,
48653,F,
48657,J,
48674,J,
48682,F,
48684,F,2021-06-08
48693,F,
48861,J,
48905,F,
48987,J,
49009,F,
49010,F,
49038,F,
49190,F,
49296,F,
49331,F,
49354,F,
49359,F,
49566,F,
49601,F,2021-02-17
49610,F,
49617,F,
49640,F,
49691,J,
49800,F,
49875,F,2021-01-03
49879,J,
49927,J,
49955,F,
49976,F,
50082,F,
50088,F,
50121,F,
50125,F,
50143,F,
50144,F,
50150,J,2021-07-11
50202,F,2021-07-26
50248,F,
50276,F,
50310,F,
50336,J,2021-03-17
50365,F,
50382,F,
50401,J,
50403,J,
50412,F,
50448,J,
50489,F,
50498,F,
50499,F,
50509,F,
50515,F,
50565,J,
50580,F,
50587,J,
50597,J,2021-04-18
50646,F,
50650,F,
50689,F,
50707,F,
50716,J,
50741,F,
50742,J,
50783,F,
50808,F,
50832,J,
50835,F,
50853,F,
50973,F,
51074,F,
51105,J,
51133,F,
51149,F,
51186,F,
51217,F,
51255,F,
51283,F,
51289,J,
51293,F,
51323,F,
51406,F,
51407,F,
51409,F,
51425,J,
51499,F,2021-03-02
51504,F,2021-06-16
51522,F,
51554,J,
51563,F,
51569,F,
51570,J,
51627,F,
51630,F,2021-05-05
51686,F,
51689,F,
51701,J,
51731,F,
51767,J,
51779,F,
51832,J,
51892,F,
51900,F,
51904,F,
51906,F,
51971,F,
52000,F,
52011,F,
52017,F,2021-01-08
52018,J,
52024,F,
52186,F,
52203,F,
52284,F,
52390,J,
52444,F,
52473,F,
52518,J,
52536,F,
52544,F,2021-01-18
52547,J,2021-08-26
52552,J,
52583,F,2021-02-09
52597,F,
52700,J,
52710,J,2021-05-17
52742,F,
52745,F,
52749,F,
52765,F,
52782,F,
52796,F,
52839,F,
52903,J,
52914,J,
52916,F,
52922,F,
52939,F,
53001,J,
53062,F,
53110,J,
53157,J,
53256,F,
53310,F,
53319,F,
53390,J,
53403,J,
53423,J,
53437,F,
53455,F,
53465,J,
53470,F,
53498,F,
53587,F,
53609,J,
53672,F,
53676,F,
53688,F,
53714,F,
53725,F,
53742,J,
53767,F,
53768,F,
53790,F,
53825,J,
53841,J,
53847,J,
53874,F,2021-01-08
53876,F,
53899,F,
53907,F,
53910,F,
53944,F,
53988,J,
54014,F,
54046,F,
54087,F,
54089,F,
54123,J,
54125,F,
54159,F,
54173,F,2021-01-01
54216,F,
54218,F,
54250,F,
54257,F,
54259,F,
54296,F,
54344,F,2021-06-07
54356,F,2021-06-18
54393,F,
54450,F,
54488,F,
54493,J,
54495,J,
54507,J,
54520,F,2021-01-03
54540,J,
54563,F,
54630,F,
54653,F,
54671,F,2021-01-04
54706,F,2021-06-04
54732,F,
54764,J,
54771,F,
54777,F,
54798,F,2021-01-01
54804,F,
54843,F,
54852,F,
54871,F,
54915,F,
54942,J,
55062,J,
55085,F,
55095,F,
55133,F,2021-09-07
55134,F,2021-06-04
55146,J,
55231,F,
55331,F,
55410,J,
55435,F,
55524,F,
55576,J,
55587,F,
55750,F,
55780,F,
55804,J,
55854,F,
55933,F,
55965,F,
56152,F,
56159,F,2021-05-19
56171,F,
56216,F,2021-06-21
56232,F,
56243,J,
56248,F,
56254,F,
56263,F,
56274,F,
56286,F,
56290,J,
56301,F,
56335,F,
56357,F,
56455,F,
56497,F,
56523,F,2021-01-26
56525,F,
56530,F,
56539,J,2021-08-22
56545,F,
56561,F,
56562,F,
56597,F,
56610,F,
56617,J,
56650,J,
56724,J,
56755,J,2021-08-19
56766,J,
56782,F,
56869,F,
56880,F,
56896,J,
56981,F,
56982,F,2021-02-13
57017,F,
57022,F,
57048,F,
57059,F,
57079,F,
57085,F,
57154,F,
57205,F,
57215,F,
57322,F,
57415,J,
57422,J,
57453,F,
57486,F,
57504,F,2021-01-08
57547,F,
57557,F,
57582,F,2021-03-01
57594,F,
57607,F,
57636,F,
57687,J,
57693,J,
57730,F,
57737,J,
57772,F,
57806,F,
57841,F,
57909,F,
57917,F,2021-06-07
57918,J,
57932,J,
57974,F,
58011,F,
58045,J,
58049,F,
58129,F,
58138,J,
58247,J,
58272,F,
58286,F,2021-06-18
58288,J,
58302,F,
58311,J,
58315,J,
58326,F,
58338,F,
58350,F,
58352,F,
58382,F,
58404,F,
58416,J,
58422,F,
58473,F,
58506,F,2021-08-01
58532,J,
58630,F,2021-05-18
58684,F,
58731,J,
58738,F,2021-08-12
58739,F,
58746,F,
58751,F,
58769,F,
58786,J,
58800,F,2021-05-20
58810,F,
58829,J,
58874,F,
58889,J,
58898,J,
58907,J,
58923,F,
58970,J,
58976,F,2021-08-24
58984,F,
59006,F,2021-01-27
59103,F,
59107,F,
59132,J,
59215,F,
59272,F,
59273,F,
59300,F,
59309,J,2021-09-07
59320,J,
59381,F,
59415,J,
59418,J,2021-08-20
59424,F,
59434,F,
59529,F,
59550,F,
59681,F,
59698,F,
59728,J,
59752,J,
59780,F,
59808,F,
59818,F,
59839,F,
59857,F,
59896,J,
59928,F,
59984,F,
60000,F,2021-02-20
60005,J,
60024,F,
60027,F,2021-08-23
60035,J,
60056,J,
60076,F,
60123,F,
60160,F,
60169,F,
60173,F,
60192,J,2021-07-27
60216,F,
60247,F,
60256,F,
60273,J,
60280,F,
60289,F,
60301,J,2021-05-25
60312,J,
60353,F,
60354,F,
60388,J,
60435,F,
60448,F,
60454,J,
60474,F,
60485,J,
60511,F,
60516,F,
60524,F,
60572,F,
60597,F,2021-01-02
60619,F,
60620,F,2021-03-01
60626,F,
60782,F,
60799,F,
60823,F,
60834,J,
60863,F,
60869,F,
60870,F,
60887,F,
60949,J,
60954,J,2021-02-15
60984,F,
61056,F,
61071,F,2021-06-24
61099,F,
61105,J,2021-06-15
61127,F,
61155,J,
61179,J,
61221,F,
61290,J,
61294,F,
61319,J,
61331,F,2021-06-25
61386,F,
61391,J,
61428,J,
61467,J,
61528,F,
61574,F,2021-08-31
61593,F,
61594,F,
61597,J,2021-01-05
61646,F,
61664,J,
61769,J,
61785,J,
61897,F,2021-01-04
61907,J,
61948,F,
62064,J,
62067,J,
62112,F,
62184,J,
62194,J,
62264,F,
62294,J,
62335,J,
62364,J,
62377,F,
62388,F,
62390,F,2021-05-14
62450,F,2021-05-04
62454,F,
62463,F,
62493,J,
62498,F,
62528,F,
62705,F,2021-03-08
62732,F,
62743,F,
62767,J,
62789,F,
62798,J,2021-08-30
62861,F,
62931,J,
62953,J,
62966,F,
63013,J,
63089,F,2021-04-15
63096,J,
63099,F,
63120,F,
63208,F,
63221,F,
63227,F,
63239,F,
63241,J,
63267,F,
63358,F,
63382,J,
63392,J,
63396,F,
63405,F,
63417,F,
63427,F,
63439,F,
63443,F,
63459,J,2021-01-01
63491,F,
63578,J,2021-04-08
63589,J,
63593,J,2021-02-24
63664,F,
63771,F,
63864,F,
63868,F,
63883,F,2021-06-27
63893,F,
63910,F,
63951,J,2021-05-14
63991,J,
64004,F,
64005,F,
64011,J,
64016,F,
64067,F,
64085,F,
64089,F,
64096,J,
64100,F,
64105,J,
64106,F,
64116,F,
64121,F,
64125,J,
64164,F,
64206,J,
64227,J,
64234,J,
64235,F,
64237,F,
64247,F,
64251,J,
64268,F,
64282,J,
64300,F,2021-04-14
64324,F,
64341,F,
64351,F,
64359,F,2021-07-27
64362,F,2021-03-02
64372,F,
64387,F,
64405,F,
64420,F,
64434,F,
64438,F,
64448,F,
64459,F,
64464,J,
64465,F,2021-04-06
64484,J,2021-07-06
64488,F,
64549,J,2021-01-04
64553,F,
64557,F,
64573,J,
64575,J,
64579,F,
64584,F,
64597,F,
64609,J,
64621,J,
64623,F,
64631,F,2021-08-09
64635,F,
64645,J,
64647,F,
64653,J,
64654,F,
64693,F,
64699,F,
64705,F,
64709,F,
64723,J,
64745,F,
64755,J,
64756,F,
64757,J,
64779,F,
64820,F,
64833,F,2021-06-25
64834,J,
64840,F,
64843,J,
64847,J,
64851,F,
64858,J,
64866,F,
64894,J,
64912,F,2021-06-01
64921,F,
64950,F,
64953,J,
64958,F,
64972,F,
64981,J,
65001,F,
65015,J,
65031,J,
65036,J,
65042,F,2021-02-26
65049,F,
65053,J,2021-04-27
65057,J,
65074,J,
65075,F,
65079,F,
65084,F,
65088,F,
65104,J,
65111,F,2021-08-12
65119,F,
65133,J,
65135,F,
65141,J,
65144,F,
65150,F,
65155,F,2021-01-28
65173,F,2021-04-14
65196,F,
65218,F,
65220,F,
65233,J,
65243,F,
65248,J,
65272,F,2021-05-24
65282,F,2021-01-25
65284,F,2021-08-16
65291,F,
65298,F,
65301,F,
65313,F,2021-08-02
65316,F,
65319,J,
65321,J,
65328,F,
65344,J,
65371,F,
65374,J,
65391,F,
65404,F,
65410,F,
65414,J,
65415,F,2021-08-19
65416,F,2021-01-02
65418,F,
65423,F,
65436,F,
65443,F,
65452,F,
65477,F,
65478,J,
65497,J,
65506,F,
65528,F,
65532,F,
65540,F,
65555,F,
65559,F,
65567,J,
65578,J,
65580,J,
65620,J,
65626,F,
65627,F,
65632,F,
65634,J,
65639,J,
65640,J,2021-09-07
65648,F,2021-01-03
65649,J,2021-08-23
65652,J,
65661,F,
65671,F,2021-03-17
65672,F,
65673,F,
65675,F,
65676,F,
65680,F,
65682,F,
65684,F,2021-04-22
65689,F,
65709,F,
65721,F,2021-06-18
65723,F,
65726,F,
65737,J,2021-03-20
65742,F,2021-06-14
65745,F,
65758,F,
65772,F,2021-01-02
65773,F,
65786,F,
65791,F,
65793,F,
65794,J,
65816,F,
65825,F,
65839,J,
65841,F,
65849,F,
65855,F,
65857,F,2021-05-18
65859,F,
65867,F,2021-08-02
65878,J,
65879,F,
65880,J,2021-01-31
65883,J,
65884,J,
65889,F,
65896,J,
65902,F,
65903,F,
65920,F,
65926,F,
65927,F,2021-03-18
65943,F,2021-05-21
65946,F,
65969,F,
65994,F,2021-07-21
65998,F,
66001,J,
66006,F,
66013,F,
66019,F,
66022,F,
66029,J,
66034,F,
66045,F,
66063,J,2021-04-26
66098,J,
66109,F,
66110,F,2021-01-22
66111,F,
66112,F,2021-08-12
66132,J,
66139,F,
66150,F,
66156,F,
66217,F,
66219,F,
66226,F,2021-06-15
66227,F,
66229,F,2021-04-28
66267,J,
66272,J,
66290,F,2021-02-19
66300,J,
66305,F,
66312,J,
66314,F,
66316,J,2021-04-21
66324,F,
66337,F,
66365,F,
66366,F,
66372,F,
66374,F,
66379,F,
66394,F,
66399,F,
66403,F,
66407,F,
66413,F,2021-03-23
66415,J,
66427,J,
66432,F,2021-01-24
66435,J,2021-08-31
66447,J,
66458,F,
66464,J,
66474,F,
66478,F,2021-01-20
66495,F,
66526,F,
66532,J,
66560,J,2021-02-19
66586,J,2021-01-07
66601,F,
66605,J,
66612,F,
66620,F,
66626,J,
66632,J,
66634,F,
66647,F,
66652,F,
66660,F,2021-01-03
66661,F,2021-08-06
66669,F,
66692,F,
66710,F,
66713,J,
66726,F,2021-05-04
66729,J,
66748,J,
66750,J,
66753,F,
66755,J,2021-08-29
66759,J,
66765,F,
66768,J,
66780,F,
66787,F,
66792,J,
66794,F,
66800,F,
66806,F,
66809,J,
66810,J,
66818,J,2021-05-14
66820,F,2021-05-06
66826,F,2021-08-11
66828,F,
66833,F,2021-07-27
66834,F,
66839,F,
66846,F,
66849,F,
66856,F,2021-05-12
66879,F,
66883,F,
66885,F,
66891,J,
66901,F,
66903,F,
66906,F,
66919,F,
66921,F,
66942,F,
66953,F,
66958,F,2021-03-01
66969,J,
66978,F,
66981,F,
66987,F,2021-01-22
66993,F,
67008,F,2021-06-21
67017,F,2021-01-02
67023,F,2021-09-02
67034,F,
67038,J,2021-01-03
67041,J,
67050,J,
67057,F,2021-01-04
67062,F,
67067,J,
67084,F,
67089,J,
67096,F,
67098,F,
67101,F,
67107,F,
67132,J,
67135,J,
67136,F,
67142,F,
67147,J,
67165,J,
67172,F,
67174,J,
67185,F,2021-01-01
67191,F,2021-06-21
67196,F,
67218,F,
67224,F,
67232,J,
67237,J,
67239,J,
67250,F,
67254,F,
67256,F,
67269,F,
67271,F,
67280,J,
67315,F,
67318,F,
67323,F,
67337,J,2021-08-19
67345,F,
67358,J,
67364,F,
67365,F,
67373,F,2021-07-07
67391,F,
67392,J,
67403,F,
67404,F,
67405,F,
67412,F,
67426,J,
67428,F,
67457,F,2021-04-28
67478,F,
67498,F,
67516,F,
67546,F,
67564,F,
67580,F,
67582,F,
67583,J,
67586,J,
67600,F,2021-03-01
67605,F,
67615,J,
67624,J,
67641,F,
67649,J,2021-07-27
67671,J,
67680,J,
67686,J,
67726,F,
67764,F,2021-09-06
67771,F,
67772,F,
67779,J,2021-08-24
67780,F,
67791,F,
67799,F,
67807,F,
67832,F,
67864,F,
67883,F,2021-05-25
67885,J,
67896,F,
67909,F,
67942,F,2021-08-06
67943,F,2021-06-16
67946,F,
67982,F,
68023,F,
68026,F,
68035,F,
68071,J,
68118,F,
68122,J,
68128,F,
68135,J,2021-07-13
68137,F,
68140,J,
68151,F,
68155,F,2021-01-04
68159,F,
68169,J,2021-07-06
68172,J,
68215,J,
68216,J,
68255,F,
68259,F,2021-06-15
68263,F,
68264,F,2021-03-22
68276,J,
68297,J,
68300,F,
68306,F,
68311,F,2021-01-01
68317,F,
68370,F,2021-01-01
68379,F,
68382,F,
68389,J,2021-07-14
68394,F,
68421,F,2021-02-25
68423,F,2021-07-26
68432,J,
68465,F,2021-04-05
68466,F,2021-03-02
68467,F,
68468,J,
68489,F,
68505,F,
68513,F,
68536,F,
68544,F,
68560,F,
68566,F,
68569,F,
68582,F,
68585,F,
68589,F,
68591,F,
68603,F,2021-05-17
68609,J,
68611,F,
68613,F,2021-03-12
68616,F,
68622,F,
68635,F,
68637,F,
68641,F,
68643,F,2021-03-04
68644,F,
68645,F,
68661,F,
68665,J,
68680,J,
68683,F,
68687,J,
68695,F,
68696,F,
68707,F,
68722,F,
68728,F,
68741,J,
68752,F,
68772,F,
68775,F,
68783,F,
68784,F,
68800,F,
68801,F,
68810,F,
68821,F,
68830,F,
68836,F,2021-04-12
68843,F,
68890,J,
68892,F,
68895,F,
68896,F,
68898,F,2021-07-10
68914,J,
68916,F,2021-01-04
68918,F,
68924,J,2021-03-04
68952,J,
68960,F,
68963,J,
68971,F,
68973,F,2021-08-17
68989,F,
68990,F,
68994,F,
68995,F,
68998,F,
69001,F,
69020,F,
69022,F,
69029,F,
69038,F,
69040,F,
69054,F,
69055,J,
69073,J,
69075,J,
69079,F,
69086,F,
69089,F,
69098,J,
69112,J,
69114,F,
69118,F,2021-08-31
69121,F,
69123,J,2021-01-03
69147,J,
69154,F,
69182,F,
69183,F,
69192,J,2021-08-24
69197,F,
69216,J,
69217,F,
69241,F,
69249,F,
69250,F,
69258,J,
69260,F,
69261,F,2021-05-27
69263,J,
69279,F,
69289,F,2021-08-09
69291,F,2021-01-04
69296,F,
69307,F,
69325,F,2021-02-21
69329,F,
69333,F,
69350,F,
69354,F,
69359,F,
69370,F,
69374,F,
69391,F,
69402,J,
69416,J,
69419,F,
69430,F,
69434,F,2021-07-26
69435,F,
69443,J,2021-03-19
69456,F,
69463,F,
69470,F,
69495,F,
69504,F,
69505,F,
69513,F,
69521,F,2021-06-29
69523,F,
69526,J,
69535,F,
69537,J,
69538,F,
69561,F,
69575,J,
69577,F,
69590,F,2021-08-13
69592,F,
69601,F,2021-01-16
69602,F,
69615,F,
69625,J,
69628,F,
69639,J,
69645,F,
69668,J,
69670,J,
69673,F,
69678,J,2021-01-07
69682,F,
69686,J,2021-08-16
69691,F,
69696,F,2021-04-07
69698,J,2021-07-26
69721,F,2021-06-21
69733,F,
69737,F,
69740,F,
69747,F,
69750,F,
69752,J,
69759,F,
69772,F,
69792,F,
69803,F,
69808,F,2021-05-14
69816,F,
69819,F,2021-01-24
69820,F,2021-02-26
69831,F,2021-02-20
69834,F,
69835,F,2021-02-28
69838,F,
69839,F,
69842,F,
69845,J,
69849,F,
69853,F,2021-08-11
69859,F,
69874,F,2021-05-01
69907,F,
69917,J,
69927,F,
69939,F,
69944,F,
69946,J,
69949,F,
69959,F,
69971,F,
69988,J,
69995,F,
69998,F,2021-06-05
70016,F,
70017,F,2021-05-24
70019,F,2021-08-11
70026,J,
70029,F,
70034,F,
70050,J,
70058,F,
70059,F,
70065,F,
70070,F,2021-02-02
70072,F,
70074,F,
70080,F,2021-02-10
70084,J,
70104,J,
70115,F,
70122,J,
70124,F,
70125,F,
70127,J,
70134,F,2021-08-17
70136,F,
70139,F,
70143,J,
70158,F,
70162,F,
70167,F,
70176,F,
70178,F,
70182,F,
70185,J,2021-06-16
70186,F,
70191,F,
70219,F,
70220,J,
70234,F,
70236,F,
70251,F,
70255,J,2021-01-01
70260,J,
70269,F,
70279,F,
70281,F,
70282,F,
70290,F,
70292,F,
70301,J,
70306,J,
70310,F,
70314,F,
70323,F,2021-06-29
70324,F,
70331,F,
70336,F,
70339,F,
70353,F,
70359,F,
70360,F,
70362,F,2021-07-20
70367,F,
70377,F,2021-03-23
70378,F,2021-01-01
70381,J,
70389,F,
70398,J,2021-08-24
70406,F,
70407,J,
70409,J,
70410,J,
70412,F,
70414,J,
70415,F,
70419,J,
70420,F,
70426,F,
70429,F,
70437,F,
70439,F,
70443,F,2021-01-01
70446,F,
70451,F,2021-01-01
70455,F,
70458,F,2021-06-29
70461,F,
70464,F,
70466,F,2021-06-30
70467,F,
70478,F,
70483,J,
70486,J,
70488,F,
70494,F,
70504,F,
70505,F,
70508,J,
70521,F,
70527,F,
70528,F,2021-05-21
70529,F,
70531,F,2021-08-16
70537,F,
70541,J,
70544,F,
70547,F,2021-03-21
70552,J,
70556,F,2021-01-04
70559,F,
70562,F,
70574,F,
70577,F,
70581,F,
70595,J,2021-05-28
70605,F,
70611,F,
70612,J,2021-05-29
70613,F,2021-08-03
70626,F,2021-04-02
70629,F,2021-01-16
70632,F,
70635,F,
70640,F,2021-08-12
70642,F,
70653,J,
70660,J,
70662,F,
70663,J,
70666,F,
70667,F,2021-05-14
70668,F,2021-05-04
70669,F,
70693,F,
70695,F,
70697,F,
70716,F,
70717,F,2021-09-06
70718,F,
70736,F,2021-03-09
70744,F,
70746,F,
70751,J,2021-05-25
70756,F,
70760,F,
70767,F,
70774,F,
70790,J,
70795,F,
70797,F,
70804,F,
70809,F,
70815,F,
70819,J,2021-04-14
70821,F,
70825,F,
70827,F,
70838,F,
70847,F,
70852,F,
70860,F,
70868,J,
70874,J,
70884,F,2021-02-20
70887,F,
70894,J,
70895,J,
70896,F,
70906,F,2021-06-15
70917,F,
70919,F,
70934,F,
70935,F,
70936,J,
70942,F,
70947,F,
70951,F,
70959,F,
70965,F,
70974,F,
70982,F,
70985,J,
70986,J,
70994,F,
70996,F,
71017,F,
71026,F,
71052,F,
71054,F,2021-04-30
71067,F,
71077,F,
71083,J,
71084,F,2021-01-02
71088,F,
71112,F,
71117,J,2021-04-13
71120,J,
71123,F,
71128,J,
71130,F,
71134,J,
71139,F,
71146,J,
71147,J,
71148,F,
71150,F,
71161,F,2021-04-20
71165,F,
71169,F,
71184,F,
71188,F,
71196,F,
71201,J,
71204,F,2021-04-26
71207,F,
71209,F,
71211,F,
71248,J,
71249,F,
71255,F,
71264,F,
71271,F,
71273,J,
71280,F,
71287,J,
71296,F,
71297,F,
71301,F,2021-06-04
71302,F,
71308,F,
71310,F,
71322,F,
71324,J,
71343,F,
71353,F,
71354,F,
71356,F,
71362,F,
71363,J,
71365,F,2021-06-04
71376,F,
71384,F,
71386,F,
71391,F,
71392,F,
71402,F,
71406,F,
71410,F,
71415,F,
71429,J,2021-04-05
71435,F,
71436,F,
71437,F,
71438,F,
71440,J,
71447,F,2021-03-12
71454,F,
71459,F,
71461,J,
71471,F,
71473,F,
71478,F,
71487,F,
71491,J,
71492,J,
71495,J,2021-01-31
71496,F,
71497,F,
71500,J,
71517,F,
71531,J,
71533,F,
71536,J,
71542,F,
71554,F,
71562,F,
71564,F,
71570,F,2021-06-06
71579,F,
71584,J,
71597,F,
71601,F,
71604,F,2021-01-08
71616,J,
71618,F,
71638,F,
71639,F,
71646,J,
71658,F,
71679,F,
71680,F,
71681,F,2021-01-09
71687,J,
71696,J,
71701,F,
71704,F,
71710,F,
71711,J,
71713,F,
71714,F,
71716,F,
71718,J,2021-01-07
71725,J,
71727,F,
71731,J,
71738,F,
71741,F,
71754,J,2021-04-13
71755,F,
71759,F,
71761,J,
71766,J,
71767,F,
71776,F,2021-02-27
71785,F,
71787,F,
71792,F,
71801,F,
71807,F,
71819,J,
71824,F,2021-05-24
71828,F,
71852,F,
71854,F,
71855,J,2021-03-23
71858,F,
71866,J,
71872,F,
71874,J,
71875,F,2021-06-15
71893,J,
71894,F,
71899,F,
71911,F,
71927,F,
71936,F,
71943,F,
71944,F,
71945,F,
71950,F,
71952,F,
71954,F,
71964,F,
71971,F,
71978,F,
71983,F,2021-04-06
71990,F,
71991,J,
71995,F,
71997,F,
72000,J,2021-08-31
72005,F,
72006,J,
72013,F,
72014,F,
72038,J,
72039,J,2021-02-11
72040,F,
72042,J,
72043,F,
72044,J,2021-07-30
72059,F,
72060,J,
72062,F,
72090,F,
72093,J,
72094,F,
72098,F,2021-01-12
72107,F,
72112,J,2021-01-01
72118,F,
72120,F,
72127,F,
72129,F,
72131,J,
72138,F,
72153,F,
72156,J,
72172,F,
72178,F,
72181,F,
72186,J,
72192,F,
72193,F,
72200,J,2021-08-27
72204,F,
72211,F,
72215,F,
72236,J,
72248,F,2021-07-20
72261,F,2021-08-16
72264,F,
72266,J,
72270,F,2021-01-03
72281,F,2021-09-07
72286,F,
72293,F,
72299,F,
72301,J,
72306,F,
72307,F,
72309,J,2021-04-14
72315,F,
72319,F,
72325,F,
72326,F,
72331,F,
72337,F,
72339,F,
72341,F,
72346,F,
72355,F,
72362,J,
72365,J,
72366,F,
72368,F,2021-06-14
72369,J,
72370,F,
72372,F,
72375,F,
72377,F,
72394,F,
72400,J,
72413,F,
72419,F,
72437,F,
72447,J,
72456,J,
72466,F,
72468,F,
72471,J,
72481,J,
72483,F,
72491,F,
72496,J,
72497,J,
72498,F,
72501,F,
72509,J,2021-07-29
72527,F,
72535,F,
72537,F,
72538,F,
72542,F,
72544,F,
72550,F,
72563,J,2021-07-27
72564,J,2021-09-07
72573,F,
72576,F,
72577,F,2021-02-08
72578,F,
72581,F,
72582,F,
72587,F,
72590,F,
72591,F,
72594,F,
72596,F,
72601,F,
72623,F,
72632,F,
72642,J,2021-04-09
72643,F,2021-02-24
72648,F,
72652,F,2021-04-15
72653,F,
72671,F,
72673,J,
72679,F,
72684,F,2021-02-19
72693,F,
72705,F,2021-04-27
72708,F,
72734,J,
72748,J,
72752,F,
72754,F,
72761,F,
72762,F,2021-01-01
72764,J,
72775,F,
72786,F,
72788,F,
72789,F,
72795,J,
72800,F,
72804,F,2021-01-04
72805,F,2021-08-31
72806,F,
72817,F,
72819,F,2021-03-07
72826,J,
72831,F,
72833,J,
72838,F,
72846,J,2021-05-14
72850,F,
72852,F,2021-03-30
72862,J,
72866,F,
72871,J,
72874,J,
72881,F,
72887,J,
72888,F,
72890,F,
72891,F,2021-06-27
72896,F,
72897,F,
72898,F,2021-07-29
72899,J,
72902,F,
72907,F,
72917,F,
72924,J,
72927,F,
72930,F,
72933,F,
72941,F,
72946,F,
72953,F,
72957,J,
72958,F,
72959,J,
72960,F,
72964,F,2021-06-02
72968,F,
72970,F,
72972,J,
72973,F,
72981,F,
72990,F,
72996,J,
72999,F,
73004,F,
73007,F,2021-04-14
73010,J,2021-02-19
73011,F,
73021,F,
73023,F,
73025,F,
73028,F,
73029,F,
73030,F,2021-05-25
73039,F,
73040,J,
73043,F,
73044,J,
73047,J,2021-02-27
73050,F,
73058,F,
73064,F,
73067,F,
73072,J,
73075,F,
73080,F,
73083,F,
73087,J,
73089,F,
73096,F,
73100,F,
73112,F,
73114,F,
73121,F,2021-01-01
73122,F,
73124,F,
73126,J,
73131,F,2021-02-22
73133,J,
73138,F,
73150,F,
73173,F,2021-06-16
73177,J,
73178,F,2021-06-21
73183,F,
73185,F,2021-07-07
73189,J,2021-08-10
73194,F,2021-05-22
73198,F,2021-02-03
73201,F,
73207,F,
73223,F,
73225,F,
73230,F,
73232,F,
73235,J,2021-01-08
73246,F,
73247,F,
73256,F,
73258,F,
73263,F,2021-06-09
73266,F,
73279,F,2021-03-24
73281,J,
73286,J,
73289,J,
73304,J,
73315,F,
73316,J,
73329,F,2021-06-30
73330,F,
73338,F,
73350,J,
73351,F,2021-05-24
73357,F,
73371,F,
73374,J,
73379,F,
73380,F,
73385,J,
73407,F,
73409,F,2021-06-29
73414,F,2021-07-19
73420,F,2021-04-20
73426,F,
73444,J,
73448,F,2021-08-31
73452,F,
73457,F,
73461,F,
73464,F,
73466,F,
73488,F,2021-03-09
73492,F,
73495,F,
73517,J,
73518,F,
73519,J,
73523,F,
73527,J,
73528,F,
73532,F,
73541,F,
73543,F,2021-05-20
73544,F,
73550,J,
73558,F,2021-04-26
73564,J,
73575,F,
73581,F,2021-07-20
73586,F,
73588,F,
73593,F,2021-02-17
73594,F,
73600,J,2021-01-03
73607,J,2021-02-09
73613,F,
73614,F,
73630,F,
73636,F,
73637,J,
73641,F,
73643,J,
73645,F,
73648,F,
73650,F,2021-07-06
73665,F,
73671,F,2021-06-01
73674,F,
73685,F,
73692,F,2021-08-31
73704,J,
73709,J,2021-02-15
73728,J,
73735,F,
73739,F,
73741,F,
73743,J,
73744,J,
73745,J,
73756,J,
73762,F,
73763,F,
73769,J,2021-05-07
73794,F,
73805,F,
73807,F,2021-06-07
73812,F,
73826,F,
73838,F,
73845,F,2021-03-06
73846,F,2021-03-15
73857,J,
73860,F,
73869,F,
73877,F,
73880,F,
73885,F,
73887,J,
73890,F,
73896,F,
73899,F,
73902,F,
73904,F,
73914,F,2021-04-22
73930,F,2021-02-25
73932,F,
73937,F,
73963,F,2021-04-09
73964,F,
73978,J,
73993,J,
73995,F,
74005,J,
74010,F,
74018,J,
74024,F,2021-05-24
74025,F,
74036,F,
74037,F,
74039,J,
74041,F,
74042,F,
74043,F,
74045,F,
74046,F,
74049,J,
74062,F,
74064,F,
74065,F,
74068,J,
74077,J,
74079,F,2021-07-29
74082,F,
74089,F,
74097,F,
74101,F,
74108,J,
74109,F,
74111,F,
74112,F,2021-01-01
74114,F,
74119,F,
74121,F,
74124,F,
74125,F,
74128,F,
74129,F,
74131,F,
74135,F,
74136,F,
74144,F,
74158,F,
74170,F,
74177,J,2021-01-31
74178,J,
74180,F,
74189,J,2021-01-01
74200,F,
74211,J,
74213,F,2021-08-03
74217,F,
74221,F,
74227,F,
74230,F,
74234,F,
74236,F,2021-07-16
74240,F,
74242,F,
74253,F,
74264,F,
74265,F,
74269,F,
74270,J,
74274,J,
74278,F,
74279,F,
74281,F,
74287,F,
74290,J,2021-07-30
74291,J,2021-05-04
74293,J,2021-04-05
74297,J,
74303,J,
74314,F,
74315,F,2021-09-03
74320,F,2021-04-06
74329,F,2021-02-25
74334,F,2021-01-08
74343,J,
74345,F,
74353,F,
74355,F,
74358,F,
74366,F,2021-09-07
74377,F,
74384,F,
74412,J,2021-01-25
74420,F,
74431,J,
74433,F,
74436,J,
74438,F,
74446,F,
74448,F,2021-08-04
74456,F,
74458,F,2021-04-05
74461,F,
74469,F,2021-03-07
74472,J,
74474,F,
74476,J,
74482,F,
74489,J,
74490,J,2021-09-06
74491,F,
74493,J,
74499,F,2021-08-15
74519,F,
74526,F,2021-02-05
74528,F,
74535,F,
74540,J,2021-05-08
74565,F,
74571,F,
74584,F,
74585,F,
74586,J,
74592,J,
74596,F,
74597,F,
74598,F,
74604,F,
74610,J,2021-01-05
74613,J,
74614,F,
74634,J,
74635,F,
74638,F,2021-06-22
74644,F,
74651,F,
74658,J,
74666,F,
74680,F,
74683,J,
74685,F,
74692,J,
74703,J,2021-01-03
74704,F,
74705,F,2021-03-18
74717,J,2021-05-07
74718,F,
74728,F,
74734,F,
74735,F,
74737,F,
74738,F,2021-04-09
74739,F,
74744,J,
74746,F,
74753,F,
74760,F,
74769,J,2021-06-21
74771,F,
74775,F,
74786,F,
74796,J,
74801,F,
74805,J,
74811,F,
74814,J,
74815,F,
74827,J,
74842,F,
74863,F,
74864,F,
74866,J,
74867,F,
74887,F,
74894,F,
74901,F,
74905,F,
74910,F,2021-05-12
74915,F,
74917,J,
74923,F,
74932,F,
74936,J,
74938,J,
74943,J,
74944,F,2021-08-23
74946,J,
74948,J,
74959,F,
74961,F,2021-07-26
74974,F,
74975,F,
74985,F,
75002,F,
75016,F,
75017,F,
75024,F,
75025,F,
75028,J,
75032,J,2021-05-18
75037,F,2021-01-05
75039,F,
75044,F,
75045,J,
75058,F,
75059,J,
75061,F,
75070,J,
75072,F,
75073,J,
75077,J,
75080,F,
75084,F,
75086,F,
75088,F,
75091,F,2021-03-25
75093,F,
75097,F,
75102,J,2021-04-05
75111,F,
75117,F,
75128,F,
75131,F,
75141,F,2021-01-02
75150,F,
75157,F,2021-04-02
75166,J,2021-07-19
75170,J,2021-05-19
75174,J,
75180,J,
75186,F,
75193,F,
75195,F,
75216,F,
75223,J,2021-09-07
75241,J,
75264,F,
75271,F,
75274,F,
75281,F,
75293,F,
75297,F,
75298,J,
75311,F,2021-05-16
75314,F,
75317,F,
75321,J,
75322,F,
75324,F,
75326,F,
75332,J,2021-08-09
75336,F,
75337,F,2021-03-17
75342,J,
75343,J,2021-02-22
75346,F,
75349,F,
75353,F,
75354,F,
75355,J,
75363,F,
75380,J,
75386,J,
75388,F,
75390,F,
75392,F,
75394,F,
75399,F,
75403,F,
75413,F,2021-08-16
75416,F,
75419,F,
75422,F,
75424,F,
75426,J,
75427,F,
75428,F,
75430,F,
75436,J,
75450,J,2021-06-02
75464,J,2021-05-27
75467,F,
75475,J,
75479,F,2021-01-01
75481,F,2021-07-14
75482,F,
75486,J,
75490,J,
75493,J,
75499,F,
75508,J,2021-01-01
75511,J,
75513,F,
75516,J,
75517,F,2021-03-13
75519,F,
75522,F,
75527,J,2021-01-01
75532,J,
75541,F,
75543,F,
75544,F,
75553,F,
75557,F,2021-08-31
75568,F,2021-06-27
75570,J,
75579,J,2021-06-21
75590,J,
75599,F,
75601,J,
75602,J,
75603,F,
75609,F,
75613,F,2021-01-13
75621,F,
75641,F,
75642,F,2021-04-23
75646,J,
75647,F,
75649,F,
75651,F,2021-04-30
75658,F,
75671,F,2021-03-07
75673,F,
75687,F,
75691,F,
75703,F,
75709,F,
75712,F,
75723,F,
75727,F,
75732,J,
75734,F,
75754,F,
75764,J,
75779,J,
75783,F,
75784,J,
75790,J,2021-08-31
75796,F,
75805,J,
75808,F,
75811,F,
75813,F,
75814,F,
75815,J,2021-02-25
75818,J,2021-05-11
75819,J,
75820,F,
75829,F,
75834,F,
75849,J,2021-08-02
75851,F,2021-04-14
75855,F,
75858,F,
75866,J,
75868,F,
75878,F,
75882,F,
75886,J,
75893,F,
75896,J,
75901,F,
75904,J,
75908,F,2021-04-10
75909,F,
75912,F,
75916,F,
75922,F,
75935,F,
75951,F,
75954,F,2021-05-13
75955,F,
75959,F,
75968,F,2021-06-30
75983,J,
75985,F,
75989,F,
75992,J,
75993,F,
75999,F,
76000,J,
76009,J,
76012,F,
76020,J,
76021,J,
76025,F,2021-02-01
76032,F,
76035,F,2021-07-03
76053,F,
76055,F,
76056,F,2021-08-23
76059,F,2021-05-24
76064,J,2021-05-25
76067,F,
76069,F,
76072,F,
76079,F,
76082,F,
76087,F,
76088,F,
76092,F,
76104,F,2021-07-26
76105,F,
76109,F,
76120,F,
76125,J,
76126,F,
76130,F,2021-05-27
76146,F,
76147,F,2021-02-22
76149,F,
76150,F,
76157,F,
76163,J,2021-06-24
76165,F,2021-06-24
76169,J,
76175,F,2021-09-03
76179,F,2021-02-16
76183,F,2021-09-07
76185,F,
76193,F,2021-03-29
76198,F,
76199,J,
76201,F,
76205,F,
76214,F,
76219,F,2021-05-07
76221,J,
76223,F,
76226,F,2021-03-24
76228,J,
76229,F,
76233,F,
76235,F,
76236,F,
76242,F,
76243,F,
76250,F,
76258,F,2021-03-30
76261,F,
76264,F,
76266,J,
76271,F,
76277,J,
76280,F,
76281,F,2021-09-07
76282,F,
76288,F,
76289,F,
76292,F,
76293,J,2021-04-27
76295,F,
76303,F,
76310,F,
76314,F,
76322,F,
76325,F,
76328,J,
76332,J,
76336,F,
76337,F,2021-02-16
76339,J,
76353,F,2021-04-23
76359,J,
76362,F,
76372,J,
76373,F,
76374,J,
76375,J,
76376,F,
76380,F,
76387,F,
76388,J,2021-05-25
76392,F,
76396,F,2021-01-08
76397,F,
76398,J,
76403,F,
76407,F,
76411,J,
76415,F,
76422,F,
76436,F,
76438,J,
76439,J,
76444,F,
76446,J,
76450,F,
76451,F,
76453,F,2021-06-08
76457,F,
76465,F,
76471,F,
76472,J,
76482,F,
76484,F,
76489,F,
76499,F,
76507,F,2021-02-27
76518,F,
76519,J,
76524,J,
76537,J,
76539,J,
76545,F,
76552,J,2021-04-08
76555,F,
76556,F,
76561,F,
76564,J,2021-02-21
76567,J,
76568,F,2021-03-05
76571,F,
76573,F,
76584,F,
76585,F,
76587,J,
76607,J,2021-04-07
76608,F,2021-07-12
76612,F,2021-04-06
76619,F,2021-03-23
76620,F,
76624,J,
76625,J,
76652,F,
76663,F,
76668,J,
76669,F,
76670,J,
76677,F,
76679,F,
76681,F,
76684,F,
76686,J,
76688,F,2021-08-30
76691,F,
76694,J,
76709,J,
76710,F,
76713,J,2021-04-08
76719,F,
76725,J,
76731,F,2021-05-18
76735,F,
76738,F,
76756,J,
76768,F,
76770,F,
76779,J,
76784,F,
76789,F,
76790,F,
76791,F,
76797,F,
76801,F,
76805,J,2021-05-21
76829,F,
76838,F,
76854,F,
76859,F,
76862,F,
76873,F,
76880,F,2021-05-12
76885,F,
76887,F,
76888,F,2021-03-23
76915,F,2021-07-20
76916,J,2021-05-25
76921,J,2021-08-20
76945,F,
76947,F,
76958,F,
76966,F,
76968,F,
76985,F,
76990,J,
76993,F,
76996,J,
77003,F,
77008,J,
77011,F,
77012,F,
77026,F,
77027,F,
77031,F,
77034,F,2021-06-30
77041,F,
77044,F,
77046,J,
77048,F,2021-06-01
77050,F,
77052,J,
77055,F,
77059,F,2021-05-19
77065,F,
77069,F,2021-05-18
77071,J,
77072,F,2021-05-18
77075,F,
77078,F,
77080,F,
77081,F,
77082,F,
77086,F,
77089,F,2021-01-04
77096,F,
77099,F,
77108,F,
77110,F,
77112,J,2021-03-08
77116,F,
77120,J,
77122,F,
77123,F,2021-09-02
77127,J,
77128,J,2021-04-06
77146,F,
77150,F,2021-01-05
77156,F,
77158,F,2021-02-10
77161,F,
77167,F,
77177,J,
77180,J,
77190,J,
77191,F,
77194,J,
77202,J,
77204,F,2021-08-19
77205,J,
77211,J,
77213,F,
77215,J,
77218,J,
77225,J,
77226,F,
77227,J,
77229,F,
77237,F,
77245,F,
77246,J,
77247,F,
77258,F,2021-05-03
77267,F,
77285,F,2021-08-24
77286,F,
77291,F,
77300,F,
77309,J,
77311,F,2021-04-27
77314,F,
77320,F,2021-04-30
77323,J,
77330,F,
77345,J,
77350,J,
77352,J,
77358,F,
77362,F,
77377,J,
77385,F,
77395,F,2021-03-22
77401,F,
77408,F,
77411,F,
77412,F,2021-04-15
77415,J,
77416,J,
77424,J,2021-06-02
77432,F,
77437,F,
77438,F,
77439,F,
77443,F,
77444,J,
77450,F,
77451,F,
77458,J,
77469,F,
77470,F,
77471,J,
77480,J,
77481,F,
77483,F,
77491,F,
77497,F,
77499,F,
77501,F,
77505,J,
77506,F,
77507,F,
77508,J,
77510,F,
77516,F,2021-03-12
77531,F,
77532,F,
77541,J,
77559,F,
77562,J,
77576,F,
77579,F,
77589,F,
77590,F,
77591,F,
77593,F,
77596,F,
77597,F,
77601,F,
77602,F,
77603,F,
77609,F,
77612,F,
77614,F,2021-04-14
77617,F,2021-04-06
77622,F,
77623,F,
77626,F,
77628,J,
77629,F,
77630,F,2021-08-09
77631,F,
77640,F,
77642,F,
77645,F,
77658,F,
77660,J,
77668,F,
77669,F,
77683,F,
77684,J,
77685,F,
77689,F,
77696,F,
77705,F,
77711,F,
77713,F,
77714,J,
77716,F,
77731,F,
77733,F,
77737,F,
77741,F,
77751,F,
77752,F,
77753,F,
77757,F,
77759,F,
77769,F,
77770,J,2021-01-02
77771,F,
77777,F,
77781,F,
77783,F,
77790,F,2021-05-20
77794,F,
77797,F,
77800,F,
77802,J,
77804,F,
77807,F,
77809,F,
77817,F,
77819,F,2021-05-04
77829,F,
77843,F,
77847,F,
77853,F,
77856,F,
77857,J,2021-01-19
77862,F,
77863,F,
77869,J,
77874,J,
77879,F,
77893,J,
77900,J,2021-01-08
77903,F,
77916,J,
77918,F,2021-02-12
77923,F,
77927,F,
77929,F,2021-05-06
77935,J,
77941,F,2021-06-18
77943,F,
77951,F,
77955,F,
77971,F,
77985,J,
77994,J,
78002,F,2021-06-27
78003,F,
78005,J,
78006,J,
78008,F,
78010,F,
78012,J,2021-07-29
78024,J,2021-04-28
78026,F,
78027,F,
78028,J,
78029,F,2021-06-01
78031,F,
78036,J,
78040,F,
78042,F,
78046,J,
78048,F,
78052,F,2021-03-16
78053,F,
78059,F,
78080,J,
78086,J,
78089,F,
78090,F,
78091,F,2021-06-01
78093,F,
78096,F,
78097,F,
78103,F,
78104,F,2021-04-13
78112,J,
78116,J,
78118,F,
78147,F,2021-04-28
78149,F,
78153,F,2021-07-06
78158,F,2021-04-29
78159,F,
78160,J,
78163,J,
78165,J,
78168,F,2021-04-02
78172,J,
78175,F,
78177,F,
78179,F,2021-01-02
78182,F,
78201,F,
78204,F,2021-07-20
78206,F,
78207,F,
78209,F,2021-03-21
78214,F,
78220,F,
78222,F,
78226,F,
78231,J,
78235,F,
78292,F,
78299,F,
78310,J,
78325,F,
78335,F,
78345,F,
78358,F,
78365,F,
78366,J,
78367,J,
78368,F,
78379,F,
78381,F,
78400,F,
78404,F,
78408,F,
78412,F,2021-08-06
78415,J,
78416,J,
78418,F,
78435,J,
78437,F,
78438,F,
78439,J,
78443,F,
78449,J,
78451,F,2021-05-19
78457,F,
78458,F,2021-03-15
78462,J,
78471,F,
78472,F,
78473,F,
78479,F,2021-04-30
78486,F,2021-02-26
78503,F,2021-06-30
78504,F,
78509,F,
78511,F,
78513,F,2021-01-22
78517,F,
78519,F,
78520,J,
78521,F,2021-04-21
78527,F,
78528,J,
78530,F,
78536,F,
78537,J,
78539,J,
78540,F,
78541,F,
78542,F,
78543,F,
78554,F,
78555,F,
78569,F,
78570,F,
78575,J,2021-03-11
78579,F,
78593,J,
78606,F,
78617,F,
78618,F,
78620,F,
78624,F,
78625,F,
78628,J,
78631,F,
78634,F,
78643,F,
78646,J,
78651,J,
78655,J,
78659,J,
78662,F,
78666,F,
78668,J,
78671,F,2021-07-05
78672,F,2021-01-04
78678,F,
78683,J,
78689,J,
78694,J,
78702,F,2021-08-17
78704,J,2021-08-17
78712,J,
78738,J,
78741,F,2021-06-15
78742,F,
78758,F,
78761,F,2021-05-03
78768,F,
78784,F,2021-04-12
78797,F,2021-02-05
78806,J,
78809,J,2021-04-19
78815,J,
78824,J,
78838,F,
78846,F,
78848,F,2021-03-23
78851,F,
78857,J,2021-07-14
78858,F,
78860,F,
78862,F,
78863,F,2021-08-16
78864,F,
78866,J,
78871,F,
78883,F,
78885,J,
78887,F,
78888,F,2021-01-03
78889,F,
78890,F,
78894,J,
78910,F,
78916,J,
78918,F,
78921,F,
78922,F,
78924,F,
78925,J,
78929,F,
78930,F,
78931,F,
78932,F,
78935,J,
78938,F,
78941,F,
78943,F,
78944,J,
78948,J,
78958,F,2021-03-19
78964,F,
78965,F,2021-05-18
78968,F,
78969,F,2021-06-15
78970,F,2021-02-08
78973,J,
78979,J,
78996,J,
78999,F,
79005,J,
79008,J,
79010,J,
79016,J,
79021,F,
79023,F,
79032,F,
79037,J,
79043,J,
79046,F,
79047,J,
79053,F,
79065,F,
79072,F,
79078,F,
79080,F,2021-02-04
79083,J,2021-05-18
79089,F,
79097,F,
79099,J,
79107,F,
79118,F,
79119,J,
79120,F,
79124,F,
79131,F,2021-08-05
79135,F,2021-05-19
79137,F,
79139,F,
79140,F,
79144,F,
79146,F,2021-04-19
79151,F,
79154,F,
79162,J,
79166,J,
79167,F,
79175,F,
79176,J,
79177,F,2021-06-18
79180,F,
79181,J,2021-02-21
79182,J,
79190,F,
79197,F,2021-05-08
79202,F,
79208,F,
79211,J,
79213,F,
79215,F,
79219,F,
79220,F,
79228,F,
79229,F,
79230,F,
79236,J,
79238,F,
79239,F,
79240,F,
79241,F,
79243,F,2021-04-20
79245,F,
79246,F,
79249,F,
79254,J,
79260,F,
79263,F,
79267,F,
79277,F,
79285,F,
79291,J,
79296,F,
79300,J,
79303,F,2021-05-03
79308,F,
79309,F,
79318,F,
79322,F,2021-06-18
79334,F,
79336,J,
79343,J,
79345,J,
79346,F,
79355,J,
79362,F,2021-06-09
79363,J,
79368,F,
79372,J,
79378,F,2021-02-24
79386,F,
79404,J,
79417,F,
79419,F,
79428,F,
79444,J,
79456,F,
79458,J,
79460,F,
79465,F,2021-01-02
79472,J,
79478,J,2021-01-03
79485,J,2021-01-03
79486,F,
79489,F,
79495,F,2021-07-30
79499,F,
79517,F,
79519,J,
79526,F,
79531,J,
79535,F,
79537,F,
79538,F,
79550,F,
79556,F,
79563,J,
79567,J,
79570,J,2021-08-03
79576,F,
79591,F,
79595,J,
79597,F,
79600,J,2021-07-29
79610,F,
79615,J,
79616,F,
79618,F,
79622,F,
79627,F,
79639,F,2021-08-17
79642,F,
79643,J,
79646,F,2021-02-18
79647,F,
79648,F,
79650,F,2021-02-19
79652,F,
79663,J,
79670,F,2021-01-02
79672,J,2021-07-27
79676,J,
79678,F,
79685,F,
79704,F,
79707,F,
79717,F,
79732,F,
79733,F,
79739,F,
79751,F,
79752,J,
79765,J,
79780,J,
79784,F,
79786,F,
79789,F,
79792,F,2021-03-30
79809,F,2021-04-12
79811,F,
79826,F,
79834,F,
79835,J,
79838,F,
79839,F,2021-03-01
79840,F,2021-03-17
79848,J,
79859,F,
79862,F,
79864,F,
79871,J,
79876,F,
79879,F,
79881,F,
79892,F,2021-01-01
79896,F,
79907,F,
79911,F,
79914,F,
79924,F,
79925,F,
79932,J,
79933,F,
79939,F,
79940,F,
79942,F,
79945,F,
79946,J,
79947,F,2021-01-01
79948,F,
79949,F,
79954,F,2021-01-04
79965,F,2021-08-26
79975,F,
79983,F,
79993,F,
80007,F,
80013,F,
80017,F,
80023,J,
80028,F,
80032,F,2021-06-27
80039,F,
80040,F,
80043,J,
80052,F,
80056,F,
80061,F,
80065,J,2021-09-03
80067,F,
80069,F,
80075,F,
80076,J,
80081,J,
80084,F,
80085,F,
80086,F,
80094,F,
80096,J,2021-03-23
80100,F,2021-01-08
80102,J,2021-03-20
80103,F,
80105,F,
80108,F,2021-03-18
80112,F,2021-03-29
80116,F,
80127,J,2021-04-06
80134,F,
80137,F,2021-08-10
80139,F,
80142,F,
80144,F,
80145,F,
80160,F,
80162,F,
80176,F,
80181,J,
80182,F,
80184,F,2021-02-23
80190,F,
80191,F,2021-05-18
80199,F,
80203,F,
80204,F,2021-07-14
80234,F,
80236,F,2021-04-27
80261,F,
80277,F,2021-07-17
80282,F,
80283,F,2021-02-21
80289,J,
80291,F,
80294,J,
80299,F,
80303,F,
80311,F,2021-09-02
80316,F,
80317,F,
80322,F,2021-08-24
80324,F,
80326,F,
80328,F,
80333,F,2021-01-08
80340,J,
80341,F,
80342,F,
80347,F,
80351,J,
80363,F,2021-07-07
80364,F,2021-06-06
80371,F,2021-08-20
80382,F,
80390,F,
80392,F,
80396,F,
80400,J,
80401,F,
80402,F,
80405,F,
80407,J,2021-02-26
80413,J,
80416,F,
80419,F,
80425,F,
80428,F,
80429,F,
80433,F,
80446,J,
80460,F,
80464,F,
80469,F,
80477,F,
80481,J,
80483,J,
80486,F,
80487,F,
80489,J,
80492,F,
80508,F,
80509,F,
80511,F,
80544,J,
80549,F,
80558,J,2021-03-01
80559,F,
80561,F,
80562,F,2021-05-21
80563,J,
80564,F,
80566,F,2021-05-13
80569,F,
80572,F,
80582,J,
80587,F,
80590,F,
80594,F,
80597,F,
80603,F,
80607,F,
80611,F,2021-06-09
80617,F,
80619,F,
80621,F,
80623,J,
80624,F,2021-07-14
80625,F,
80627,J,
80634,J,
80639,J,
80640,F,
80641,J,2021-07-07
80643,F,
80645,F,
80646,F,
80647,J,
80649,J,
80650,F,
80652,F,
80655,J,
80656,F,
80658,J,
80659,F,2021-03-22
80660,F,
80665,F,
80669,F,
80671,F,
80674,F,
80675,F,
80676,F,2021-01-01
80683,F,
80684,J,
80685,F,
80686,J,2021-09-03
80688,F,
80695,F,
80696,F,
80701,F,
80704,F,
80705,F,
80707,F,
80709,F,
80716,J,
80718,J,
80719,F,
80727,J,
80728,J,
80737,J,
80741,F,2021-06-10
80742,J,2021-07-23
80758,F,2021-05-18
80761,F,
80765,F,
80766,F,
80767,F,
80769,F,
80771,J,
80774,F,2021-03-22
80778,F,2021-04-05
80784,F,2021-08-16
80785,J,
80791,F,
80793,J,
80795,F,
80798,F,
80807,F,
80809,F,
80813,F,
80818,F,2021-04-14
80836,J,
80840,F,2021-07-06
80851,F,
80856,F,
80858,J,
80866,F,
80867,F,
80872,J,
80877,J,
80878,F,
80881,F,
80882,F,
80887,J,
80898,F,2021-08-30
80903,F,
80904,F,2021-04-21
80907,F,
80910,F,
80911,F,
80923,F,2021-07-15
80929,J,
80937,F,2021-01-04
80944,F,
80948,F,2021-03-31
80950,F,
80952,F,
80960,J,
80962,F,
80964,J,
80968,J,
80969,F,
80972,J,2021-08-20
80978,F,2021-08-30
80983,F,
80985,J,
80987,F,
80995,F,
81004,J,
81005,F,
81008,F,
81015,F,
81016,F,
81018,J,
81027,F,
81029,F,
81042,F,2021-04-06
81050,F,
81053,F,
81056,F,
81058,F,
81060,F,
81070,F,
81076,J,
81077,F,
81080,J,
81083,F,
81089,F,
81090,F,
81092,F,
81099,F,
81112,F,2021-08-31
81113,F,
81117,F,
81127,J,
81128,F,
81129,F,
81137,F,
81141,F,2021-07-01
81142,F,2021-07-21
81149,F,
81158,F,
81159,F,2021-06-08
81168,F,
81169,J,
81171,J,
81178,F,
81185,F,
81195,J,
81197,F,2021-01-01
81201,J,
81204,F,
81210,F,2021-02-04
81212,F,
81214,F,
81217,J,2021-08-20
81220,F,
81221,F,
81224,F,
81227,F,
81237,J,2021-08-16
81241,F,
81242,F,2021-08-23
81243,F,2021-04-14
81245,F,
81249,F,
81250,F,2021-08-27
81256,J,2021-06-08
81261,J,
81262,J,
81264,F,
81266,F,
81267,F,
81270,F,
81271,F,
81274,F,
81277,F,
81279,F,
81281,F,
81283,F,2021-01-01
81300,J,2021-04-28
81306,F,
81316,F,
81317,J,
81328,F,
81330,F,
81333,J,
81342,F,
81346,F,2021-05-13
81348,F,
81351,F,
81356,F,
81360,F,
81362,F,
81365,F,
81366,F,
81372,F,
81373,F,
81383,F,2021-07-13
81385,F,
81386,F,2021-05-19
81391,J,
81393,J,
81398,J,2021-02-23
81408,F,
81414,F,
81415,F,
81423,F,
81425,F,
81426,F,
81439,J,
81441,J,
81442,J,
81450,F,
81451,F,2021-01-27
81453,J,
81456,J,
81463,F,2021-08-17
81464,F,
81467,F,
81468,F,2021-09-07
81471,F,
81472,J,
81479,F,
81480,J,
81482,F,
81483,J,
81490,F,
81496,F,
81520,F,
81525,F,
81532,F,2021-04-20
81535,F,2021-03-20
81546,F,
81549,F,
81557,F,2021-07-07
81561,F,2021-01-11
81564,F,
81565,J,
81569,F,
81583,J,
81584,J,2021-07-27
81586,J,
81588,J,2021-06-07
81589,F,
81592,F,
81594,F,
81601,F,
81602,F,
81604,F,
81612,F,
81615,F,
81617,F,
81622,F,
81623,F,
81630,F,
81649,F,2021-01-07
81650,F,
81652,F,
81653,F,2021-03-25
81654,J,
81656,F,
81677,J,
81679,F,2021-08-25
81682,J,2021-01-02
81683,F,
81685,F,2021-03-02
81686,F,
81688,J,
81716,F,
81720,F,2021-08-10
81721,J,
81727,J,
81729,J,
81735,F,
81740,J,2021-01-03
81741,F,
81746,J,
81749,F,
81791,F,2021-04-13
81794,F,2021-01-04
81795,J,
81804,F,
81816,J,
81824,F,2021-03-05
81839,F,
81845,F,
81847,F,
81858,F,
81861,F,2021-06-03
81867,J,
81868,F,
81871,F,
81877,F,
81887,F,
81893,J,
81894,F,
81900,F,
81908,F,2021-08-01
81911,F,
81915,F,
81918,F,2021-05-07
81923,F,
81927,J,
81928,F,
81929,F,
81933,F,
81942,J,
81945,F,
81948,F,
81952,F,
81956,F,
81958,F,
81965,F,
81970,F,
81971,F,
81977,F,
81979,F,
81989,J,
81992,F,
81995,F,
81997,F,2021-08-16
81999,J,
82004,F,2021-03-10
82011,J,
82019,F,
82021,F,
82022,F,
82023,F,
82024,J,
82027,J,
82030,F,2021-02-22
82039,F,2021-05-23
82040,J,
82042,F,
82044,F,
82045,F,2021-01-03
82049,J,
82055,F,
82058,F,
82079,F,
82088,J,
82097,F,
82098,J,
82101,F,
82105,F,
82107,F,2021-07-26
82112,F,2021-03-05
82128,F,2021-09-07
82132,F,
82140,F,
82143,F,
82145,F,
82154,F,
82156,F,
82160,F,
82162,F,
82164,F,
82166,J,
82168,F,
82181,J,
82184,J,
82186,F,
82188,F,2021-08-14
82191,J,
82192,F,
82193,F,
82196,F,
82199,J,
82207,F,
82209,F,
82216,F,
82221,F,
82234,F,2021-03-13
82237,F,
82241,F,
82244,F,2021-06-15
82249,F,
82251,F,
82252,J,
82254,F,
82257,J,
82262,F,
82264,J,
82280,J,
82283,J,
82287,F,
82293,F,
82296,J,
82300,J,2021-01-03
82301,F,
82304,F,
82307,F,2021-05-03
82310,F,
82316,F,
82322,F,
82325,J,2021-02-26
82326,F,
82327,F,
82328,F,
82331,J,
82334,F,
82336,F,
82337,F,
82338,F,
82343,F,2021-01-02
82345,F,
82346,J,
82350,F,
82358,F,
82360,F,2021-05-04
82365,F,2021-02-25
82366,J,
82368,J,2021-01-02
82377,F,
82378,F,
82385,F,2021-08-31
82395,F,
82398,F,
82399,F,
82400,J,
82426,F,
82432,F,
82436,F,
82437,F,
82438,F,
82439,F,
82451,F,
82454,F,
82464,F,
82465,J,2021-01-02
82470,F,2021-04-28
82471,F,
82485,F,
82489,F,
82490,F,
82492,F,
82507,F,
82508,J,2021-05-24
82510,F,
82517,F,
82523,F,
82529,F,
82555,F,2021-08-16
82568,F,
82572,J,2021-04-01
82577,F,2021-07-13
82578,F,
82583,F,
82586,F,
82587,J,
82589,F,2021-04-14
82593,J,
82597,F,
82605,F,
82610,F,
82612,F,
82614,F,2021-03-19
82615,F,
82616,F,
82617,F,
82619,J,2021-04-08
82622,F,2021-07-14
82625,J,2021-03-30
82629,F,
82641,J,
82642,F,
82644,F,
82647,F,
82649,F,
82651,F,
82654,F,2021-03-13
82657,F,
82660,F,
82661,F,2021-07-15
82663,F,
82684,F,
82686,F,
82687,F,
82690,F,
82695,J,
82702,F,
82706,F,
82713,F,2021-03-23
82720,F,
82724,F,
82726,F,
82728,J,
82734,F,
82746,F,2021-02-12
82750,F,
82752,J,
82755,F,2021-05-20
82757,F,
82759,F,2021-01-18
82764,F,
82767,F,2021-05-05
82768,F,
82775,J,
82783,F,
82784,J,
82789,F,2021-06-25
82796,F,
82797,F,2021-05-27
82800,F,
82805,F,
82810,F,
82813,F,
82814,F,
82823,F,
82840,F,
82843,F,
82846,F,
82849,F,
82850,F,
82851,J,
82855,F,
82856,F,
82857,F,
82862,J,
82865,F,
82866,J,
82869,F,
82880,F,
82883,F,
82885,F,2021-04-19
82886,F,2021-08-02
82889,J,
82893,F,
82895,J,2021-08-18
82905,J,
82908,F,
82909,F,
82913,F,2021-06-29
82914,F,
82918,J,2021-05-21
82920,F,
82923,F,2021-02-24
82926,F,
82927,F,
82931,F,
82932,F,2021-06-25
82948,F,
82949,F,2021-05-03
82954,J,
82956,F,
82961,F,
82962,J,
82964,F,
82972,F,
82976,F,2021-02-04
82977,F,
82979,F,2021-01-17
82981,J,
82982,F,
82983,F,
82984,F,2021-08-06
82990,F,
82993,J,2021-04-03
82994,F,
82997,F,
82999,J,
83001,F,
83004,J,
83008,F,2021-08-21
83012,F,
83016,J,
83021,J,
83023,J,
83030,J,
83031,F,
83035,F,
83036,F,
83039,J,2021-04-06
83046,F,
83048,F,
83049,F,
83059,F,
83060,J,
83067,F,2021-07-19
83070,J,
83072,J,
83074,F,
83078,F,
83079,J,
83080,F,2021-05-31
83081,J,
83082,F,2021-07-06
83091,J,
83093,F,
83097,F,2021-05-27
83098,F,2021-02-26
83099,J,
83100,J,
83113,J,
83117,F,
83118,F,
83121,F,
83127,F,2021-05-04
83131,F,
83134,F,
83137,F,2021-08-02
83138,F,
83140,J,2021-04-14
83146,J,
83149,J,
83153,F,2021-03-13
83156,F,
83160,F,
83166,F,
83169,F,
83170,J,
83171,F,
83176,F,
83178,J,
83179,F,
83181,F,2021-05-14
83191,F,
83196,F,
83200,F,2021-06-06
83203,J,
83206,J,
83211,F,
83212,F,2021-08-23
83214,F,2021-03-19
83215,F,
83216,F,
83219,J,2021-08-16
83220,F,
83222,F,
83223,F,
83224,J,
83225,F,2021-02-19
83228,F,2021-02-25
83230,F,2021-03-25
83232,J,
83237,J,
83244,F,2021-06-30
83245,J,
83246,J,
83247,F,
83250,F,
83251,J,2021-05-28
83253,F,2021-06-21
83256,F,
83261,F,2021-03-26
83262,J,
83263,F,2021-06-30
83265,J,
83268,F,
83270,F,
83273,F,2021-04-07
83274,F,2021-06-30
83277,F,
83282,F,
83283,F,
83286,F,
83289,F,2021-06-17
83292,F,
83296,F,
83301,F,
83303,F,
83308,F,
83311,J,
83312,F,
83328,F,
83330,F,
83333,F,
83334,F,
83335,J,
83337,J,
83342,F,
83343,J,
83348,F,
83349,J,
83350,F,
83355,F,
83358,J,2021-08-17
83359,J,
83360,F,
83361,J,
83362,J,
83364,F,
83367,F,2021-03-30
83414,F,
83416,F,
83418,F,
83420,F,2021-02-16
83421,J,
83426,J,
83428,J,
83433,J,2021-03-20
83435,F,2021-02-20
83436,F,2021-05-12
83449,F,
83451,J,
83453,F,
83455,F,
83457,F,
83458,F,2021-03-16
83480,F,
83481,F,
83482,J,2021-03-04
83483,F,
83484,F,
83485,F,2021-06-18
83486,F,
83488,F,2021-04-20
83505,F,2021-02-22
83506,F,
83509,F,2021-01-12
83510,J,
83511,F,
83513,F,
83515,F,
83550,F,
83559,F,
83562,F,
83569,F,
83574,F,
83575,F,
83576,J,
83579,F,
83583,F,
83588,F,
83590,F,2021-03-30
83591,J,
83593,F,
83595,F,
83602,F,
83604,F,
83615,F,2021-04-30
83618,J,
83623,F,
83626,F,
83632,F,2021-07-26
83633,F,
83636,F,
83637,J,
83638,F,
83641,F,
83649,F,
83650,F,
83652,J,
83656,F,2021-05-25
83661,F,2021-06-18
83664,J,
83669,F,2021-02-12
83672,F,
83681,F,
83689,J,
83690,F,
83694,F,
83701,F,
83702,F,
83706,F,
83712,F,
83723,J,
83724,F,
83727,J,2021-06-22
83734,J,
83735,F,
83737,F,2021-04-26
83744,F,
83746,F,2021-03-01
83747,J,
83750,F,
83753,F,
83781,J,
83784,F,2021-05-11
83797,F,
83804,J,
83807,F,
83809,F,
83815,F,
83824,F,2021-08-31
83827,F,
83833,F,
83834,F,
83835,F,2021-04-19
83837,F,
83839,F,
83842,F,
83846,F,2021-02-22
83849,J,
83858,F,
83869,F,2021-01-02
83875,F,
83876,F,2021-04-05
83880,F,
83882,F,
83883,F,
83886,F,2021-01-02
83893,F,2021-06-16
83900,F,2021-08-02
83908,F,2021-08-17
83912,J,
83913,J,
83918,F,
83923,J,
83926,F,
83929,F,
83932,F,
83933,F,2021-02-19
83936,F,2021-04-13
83938,F,
83941,F,
83947,F,
83948,F,2021-09-02
83952,F,
83959,F,
83961,F,
83962,J,
83963,J,2021-08-18
83965,F,
83967,F,
83979,F,2021-01-05
83986,J,
83989,F,2021-06-28
83990,F,
83991,F,2021-07-23
83993,F,
83999,F,2021-05-18
84000,F,
84002,F,
84005,F,
84016,F,
84022,J,
84023,J,
84024,F,
84026,J,
84028,F,
84029,F,
84031,F,
84036,F,
84073,F,
84074,F,
84075,J,
84084,J,
84088,F,
84089,F,
84094,F,
84096,F,
84098,F,
84100,F,
84101,F,2021-05-12
84102,F,
84107,J,
84109,F,
84114,F,2021-08-19
84124,F,
84128,F,
84129,F,
84135,J,2021-06-11
84137,F,
84138,F,
84144,F,
84148,F,
84203,F,
84204,F,
84206,F,
84207,F,
84209,F,
84210,J,
84213,J,
84214,J,2021-05-04
84217,F,
84222,J,
84227,F,2021-08-10
84235,J,
84236,F,
84241,F,
84242,F,
84243,F,2021-06-09
84245,J,
84247,F,
84251,F,
84253,F,2021-02-10
84256,F,
84257,F,
84261,F,2021-04-14
84264,F,2021-04-06
84268,F,
84270,F,2021-01-18
84271,F,
84274,F,2021-02-19
84281,F,
84284,F,
84294,F,
84295,F,
84296,F,2021-01-02
84302,F,
84304,F,
84306,F,
84335,F,
84338,F,
84341,J,
84344,J,
84347,F,
84350,F,2021-04-18
84355,F,
84360,F,
84366,F,
84372,F,
84401,F,
84403,F,
84408,F,
84410,J,
84412,F,
84413,F,2021-04-22
84414,F,
84415,F,
84418,F,
84419,F,
84427,F,
84429,J,
84432,J,
84434,F,
84436,F,
84439,F,
84449,F,
84450,F,2021-02-19
84463,F,
84468,F,2021-02-26
84477,J,
84480,F,
84487,F,
84491,F,2021-04-14
84496,F,
84533,J,2021-08-24
84537,F,
84539,F,
84542,F,
84545,F,
84553,J,
84556,F,2021-08-13
84558,F,
84559,F,
84562,F,2021-04-06
84564,F,2021-08-17
84565,F,
84568,J,
84569,F,2021-04-06
84571,F,2021-03-11
84573,J,
84592,J,
84593,F,
84608,F,
84612,F,2021-03-10
84613,J,
84614,F,
84625,F,2021-03-09
84627,J,
84633,F,
84634,F,
84640,F,
84641,F,
84642,F,
84643,F,
84646,F,
84647,F,2021-07-18
84650,J,
84652,F,2021-05-25
84655,J,
84661,F,
84668,F,
84671,F,
84678,J,
84684,J,
84690,F,2021-06-07
84692,J,
84699,F,
84709,J,2021-01-01
84712,F,
84714,J,
84717,J,2021-03-19
84727,F,
84729,J,
84732,F,2021-08-27
84734,F,2021-08-16
84740,F,
84741,J,
84749,F,2021-05-18
84756,F,
84757,F,
84758,F,
84759,J,
84764,J,
84766,F,
84770,F,
84771,F,
84772,F,
84775,J,
84790,F,
84792,J,2021-03-18
84798,F,
84799,F,
84800,J,
84866,J,2021-06-10
84869,J,2021-08-30
84871,F,2021-08-23
84874,F,
84883,F,2021-02-04
84888,J,
84893,F,2021-02-24
84902,J,
84904,F,2021-06-08
84906,F,
84908,F,
84910,F,
84915,J,
84919,J,
84923,J,
84924,F,2021-02-27
84926,J,
84934,F,2021-05-25
84947,F,2021-06-15
84959,F,
84961,F,
84965,J,
84969,F,2021-06-30
84977,F,
84982,F,
84983,F,2021-01-01
84986,J,2021-07-07
84993,J,
85028,F,2021-05-31
85031,J,2021-06-29
85033,F,
85096,F,
85097,F,
85098,F,
85099,F,2021-02-28
85101,F,2021-03-04
85106,F,
85109,F,2021-05-18
85110,J,
85111,F,
85131,J,
85139,J,
85140,F,
85147,F,
85148,F,
85152,F,2021-02-26
85153,F,
85154,J,
85156,J,
85158,F,
85161,F,
85163,F,2021-04-06
85164,J,2021-03-01
85198,F,2021-04-23
85203,J,
85204,J,
85206,F,
85216,F,
85220,F,
85235,F,2021-05-11
85240,F,
85253,F,2021-03-09
85261,J,
85274,F,
85276,F,2021-03-11
85279,J,
85281,F,2021-02-08
85283,F,
85286,F,
85288,J,
85289,F,
85290,J,
85297,F,
85304,F,
85311,J,
85315,F,
85316,F,
85326,F,
85330,F,2021-08-18
85360,F,
85363,F,
85367,F,2021-05-18
85368,F,
85371,F,
85380,F,
85385,F,
85386,J,
85396,J,2021-04-20
85398,F,2021-01-09
85399,F,
85427,F,2021-09-07
85428,F,2021-05-24
85429,J,2021-04-19
85437,F,
85440,J,
85445,F,2021-02-27
85446,F,
85448,F,2021-08-30
85449,F,2021-04-06
85452,F,2021-03-24
85458,F,
85492,F,
85493,J,
85494,F,
85495,F,
85499,F,2021-06-08
85502,F,
85518,F,
85557,F,
85563,F,
85564,J,
85565,J,
85567,F,2021-07-12
85578,F,2021-06-08
85579,F,2021-02-12
85597,F,2021-07-05
85611,F,
85613,F,
85622,F,2021-07-27
85623,F,
85624,J,2021-07-30
85630,F,
85636,F,
85640,F,
85647,F,
85649,F,
85661,F,2021-08-17
85673,F,
85685,J,
85687,F,2021-08-09
85689,F,
85695,F,
85702,F,
85721,F,
85756,F,2021-03-18
85787,F,2021-06-09
85788,J,
85824,F,
85853,F,
85854,F,
85858,F,
85860,F,
85862,F,2021-02-15
85863,F,2021-02-10
85865,F,
85866,F,
85869,F,
85870,J,
85875,F,2021-06-17
85879,F,2021-07-08
85880,F,
85881,F,
85883,J,
85885,F,
85923,J,
85924,F,2021-08-24
85925,F,
85931,F,
85932,F,
85933,F,2021-02-22
85934,F,2021-04-06
85935,F,
85941,F,
85942,F,
85948,F,
85951,J,
85952,J,2021-02-01
85955,F,
85960,F,
85963,F,
85968,F,
85975,F,
85988,F,
85991,F,2021-09-06
85994,F,
86006,F,
86010,F,
86014,F,
86016,F,
86019,F,
86025,F,2021-07-01
86030,J,
86032,F,2021-08-31
86033,F,2021-04-20
86035,F,2021-04-06
86037,F,
86039,J,2021-08-17
86040,J,
86041,F,2021-01-15
86044,J,
86051,F,
86052,J,2021-04-20
86053,F,2021-08-09
86054,J,
86055,F,
86085,F,
86087,F,
86117,J,
86119,F,
86128,J,
86131,F,2021-03-02
86132,F,2021-06-28
86133,F,2021-05-06
86137,F,2021-03-18
86140,F,
86141,F,
86142,F,
86146,F,
86153,F,
86157,J,
86159,F,
86183,J,
86217,F,
86234,J,
86245,F,
86250,F,
86252,F,
86265,F,
86266,J,
86268,F,2021-05-14
86292,F,
86295,F,2021-07-13
86317,F,
86323,F,2021-08-24
86331,F,
86333,F,
86334,F,
86336,F,
86338,J,
86340,J,2021-06-29
86342,F,
86349,F,
86351,F,
86353,F,
86354,F,
86356,F,
86357,F,2021-08-17
86359,J,2021-04-07
86360,F,
86362,F,
86364,J,
86372,J,2021-08-31
86375,F,
86376,J,
86377,F,
86379,J,2021-04-23
86382,F,
86448,F,2021-04-26
86449,F,2021-07-24
86455,F,2021-01-29
86458,J,
86472,F,2021-03-19
86482,F,
86484,F,
86488,J,2021-05-04
86513,J,
86516,F,2021-04-21
86541,F,
86548,F,
86549,F,
86560,F,
86563,F,
86564,J,
86566,F,2021-04-26
86581,F,
86584,F,
86587,J,
86594,F,
86600,F,2021-06-10
86602,F,
86613,J,
86614,F,
86617,J,
86646,F,
86651,F,
86654,F,2021-03-08
86661,F,
86663,F,
86665,J,
86668,F,
86677,F,
86678,F,
86687,F,
86696,F,
86703,F,
86704,F,2021-07-13
86735,F,
86737,F,2021-02-20
86743,J,2021-06-29
86748,F,
86749,J,2021-03-31
86752,F,2021-05-25
86753,F,
86755,F,
86757,J,
86777,F,
86779,F,
86781,F,
86782,J,
86783,F,2021-01-19
86786,F,
86789,F,2021-01-29
86795,F,
86796,F,
86802,F,
86804,F,
86820,F,
86845,F,2021-08-03
86848,J,
86851,F,
86852,F,
86861,F,
86863,J,
86866,F,
86880,J,
86883,J,2021-08-22
86885,F,
86909,F,2021-04-15
86912,F,
86913,F,
86915,J,
86920,F,
86922,F,
86929,F,2021-05-19
86936,F,
86938,J,
86942,F,2021-06-28
86951,J,2021-04-02
86952,J,
86977,J,
87013,F,
87016,F,
87021,F,
87045,J,2021-07-07
87046,F,
87054,F,
87056,F,2021-07-20
87079,F,2021-02-12
87143,F,
87146,F,
87173,F,2021-04-06
87177,F,
87181,F,
87204,J,2021-06-22
87208,J,
87215,F,
87217,F,
87224,F,2021-03-05
87230,F,
87237,J,
87242,F,
87244,J,
87246,F,
87248,F,
87250,J,
87251,F,
87252,F,
87255,F,
87280,F,2021-09-01
87305,F,
87344,J,
87349,F,2021-02-12
87359,F,2021-03-11
87376,F,
87380,F,2021-08-04
87381,F,
87382,F,
87413,F,
87415,J,
87423,F,
87438,F,
87441,F,2021-01-11
87442,J,
87443,J,2021-03-23
87447,F,2021-09-03
87452,F,
87460,F,
87461,F,2021-05-31
87462,F,2021-04-27
87464,J,
87467,J,2021-06-24
87504,F,
87511,J,2021-08-20
87512,F,
87514,F,2021-01-29
87515,F,2021-01-01
87517,J,2021-01-01
87519,F,
87537,J,
87538,F,
87541,F,
87545,J,
87546,F,2021-02-12
87547,F,2021-06-22
87549,F,
87550,F,
87610,F,
87639,F,
87640,F,
87641,F,2021-07-06
87659,J,
87702,J,2021-06-03
87704,J,
87705,J,2021-07-13
87735,F,
87736,F,
87752,F,
87753,F,
87769,F,
87779,F,
87780,F,2021-03-03
87781,F,
87782,F,2021-08-23
87785,F,
87789,F,
87791,J,2021-01-03
87804,J,
87932,F,
87942,J,
87945,J,
87948,J,
87950,F,2021-06-15
87967,F,2021-03-04
87969,F,2021-07-23
87971,F,
87972,F,2021-03-10
87976,F,
87985,F,2021-06-16
87998,F,
88000,F,
88033,J,
88039,J,2021-07-26
88065,F,
88068,F,2021-05-17
88069,F,
88071,F,2021-09-06
88072,F,
88074,F,
88094,F,
88098,F,2021-04-13
88163,F,
88167,J,2021-01-21
88168,F,
88170,J,2021-01-11
88177,F,
88182,J,2021-07-14
88235,F,
88263,F,
88305,F,
88307,F,
88335,F,2021-05-10
88340,F,
88361,F,2021-02-13
88394,F,2021-03-23
88395,F,
88397,F,2021-06-18
88398,F,
88410,F,
88416,F,
88420,F,
88421,F,
88461,F,
88462,F,2021-07-09
88527,J,
88529,F,2021-03-12
88534,J,
88535,F,
88594,F,2021-06-24
88595,F,2021-08-31
88596,F,2021-04-12
88602,F,
88604,F,
88606,F,
88607,F,
88611,F,
88622,F,
88625,F,
88630,F,2021-02-15
88645,F,
88646,F,
88648,J,
88649,F,
88757,J,
88826,F,2021-03-18
88856,J,
88858,J,
88859,F,2021-06-09
88860,J,
88889,F,2021-04-13
88902,F,2021-04-15
88907,F,2021-05-24
88914,J,
88920,F,
88922,F,
88927,J,
88929,F,
88938,F,
88940,F,2021-08-18
88947,F,2021-09-07
88948,F,
88949,J,
88952,F,2021-04-24
88960,F,2021-07-14
88964,F,
88971,F,
88990,F,
88996,F,
89003,F,2021-03-30
89016,F,
89018,F,
89026,F,2021-05-10
89029,F,2021-01-25
89030,J,2021-08-20
89032,F,
89097,F,2021-04-19
89100,F,
89107,F,
89115,F,2021-06-01
89119,F,
89120,F,2021-03-23
89121,F,
89153,F,
89156,F,2021-05-12
89157,J,
89158,F,
89164,F,
89165,F,2021-05-20
89174,J,
89178,F,
89193,F,
89198,F,2021-01-30
89206,J,2021-04-05
89207,F,
89214,F,
89215,F,
89217,F,
89219,F,
89230,F,
89231,F,
89235,F,
89241,J,
89319,F,
89323,J,2021-01-26
89324,F,
89328,J,
89332,F,
89387,F,
89421,J,
89424,F,2021-05-24
89450,F,
89454,F,
89456,F,2021-01-01
89458,F,
89460,F,
89461,F,
89465,F,
89516,F,2021-07-24
89517,F,
89518,F,
89521,F,2021-08-19
89527,J,2021-01-01
89529,F,2021-07-01
89531,F,
89534,J,
89589,J,2021-04-02
89592,F,
89601,F,
89603,F,
89606,J,
89607,F,
89608,F,
89610,F,
89611,F,
89625,J,
89748,F,
89782,F,2021-07-01
89816,F,
89818,F,
89820,F,
89826,F,2021-01-03
89835,F,
89836,J,
89881,F,
89887,F,
89894,F,2021-03-11
89895,F,2021-06-03
89896,F,
89903,J,
89906,F,2021-07-13
89907,F,2021-07-06
89908,F,2021-04-06
89913,F,
89917,F,
89918,F,
89953,J,2021-05-25
89955,F,
89981,J,
89995,F,
89998,F,
90002,J,
90008,J,2021-03-22
90009,F,
90010,J,2021-06-05
90044,F,
90077,F,
90144,F,
90148,F,2021-08-24
90151,F,
90154,F,
90162,F,2021-09-07
90165,F,2021-04-06
90166,F,
90170,F,
90172,F,
90175,J,
90180,F,
90181,F,
90182,F,2021-02-22
90185,J,2021-04-12
90188,F,
90190,F,
90195,F,
90209,F,2021-02-01
90214,F,
90248,F,
90254,J,
90258,F,
90259,F,2021-07-27
90269,F,
90270,J,
90274,F,
90276,J,2021-07-07
90278,F,
90279,J,
90281,F,
90284,F,
90288,F,
90375,F,2021-02-27
90377,J,
90379,F,2021-05-20
90380,F,
90385,J,
90407,F,
90409,F,2021-04-30
90539,F,2021-03-05
90540,F,
90606,F,2021-02-01
90671,F,2021-07-13
90674,F,
90677,F,
90712,F,
90718,J,2021-07-06
90723,J,2021-07-13
90724,F,
90726,F,
90727,J,2021-05-18
90728,J,
90730,F,
90734,J,
90735,J,2021-08-03
90736,F,
90770,F,2021-08-16
90803,F,2021-03-19
90805,F,
90806,F,
90836,F,
90870,F,
90873,J,
90902,F,
90937,F,
90943,F,2021-04-11
90944,J,
90948,J,2021-06-22
90950,J,
91001,J,2021-01-21
91036,F,2021-08-16
91044,F,
91056,F,
91059,J,2021-05-05
91067,J,
91134,F,
91138,F,
91168,F,
91232,F,
91237,F,
91331,J,2021-03-02
91430,J,
91433,F,2021-04-14
91442,F,
91496,F,
91530,F,
91533,J,2021-04-06
91536,F,
91539,J,2021-08-07
91540,F,
91566,F,
91569,F,
91597,F,2021-05-17
91628,F,
91696,F,
91728,F,2021-05-03
91796,F,
91804,F,
91805,F,2021-04-20
91806,J,
91810,F,
91811,F,
91826,J,2021-03-30
91892,F,2021-05-12
91935,J,2021-02-19
91942,J,2021-01-04
92034,F,
92059,F,
92060,F,
92070,F,
92073,F,
92075,F,
92094,F,
92096,F,
92099,F,
92100,F,
92123,F,
92223,J,
92387,J,
92421,F,
92489,F,
92562,F,
92564,F,
92568,J,2021-02-16
92569,F,
92585,F,
92652,F,
92654,J,
92655,J,
92656,F,
92783,F,
92882,F,
92949,F,
92981,F,2021-06-02
93014,F,
93015,F,
93047,F,
93080,J,
93116,F,
93128,F,
93149,F,2021-03-05
93150,F,2021-03-25
93151,J,
93180,J,
93212,J,2021-06-09
93213,F,
93245,F,
93278,F,
93311,F,
93346,F,
93347,F,
93351,J,
93377,F,2021-07-20
93381,F,
93446,F,
93476,J,
93478,F,
93481,J,
93484,F,
93489,F,2021-08-09
93490,F,
93546,F,2021-02-26
93551,F,2021-04-14
93555,F,
93576,F,
93610,F,
93611,F,
93612,F,
93613,J,
93615,F,
93623,F,
93626,F,
93631,F,
93632,J,
93679,F,
93681,F,2021-07-30
93682,F,
93707,F,2021-01-01
93708,F,
93740,F,
93773,F,
93774,F,
93806,F,
93872,F,
93909,F,
93911,F,
93915,F,
93920,J,
93921,J,2021-07-06
93922,J,2021-06-15
93923,J,
93938,F,
94006,J,
94038,F,
94070,F,
94104,J,2021-02-18
94136,F,
94170,F,
94203,F,
94237,F,
94269,F,
94273,F,
94277,J,
94278,J,
94279,F,
94334,J,
94401,F,
94501,J,
94631,F,
94632,J,
94633,F,
94665,F,2021-06-28
94697,F,
94763,J,
94895,F,
94928,F,2021-04-30
94963,F,
94968,F,2021-08-06
95027,F,
95061,F,
95063,F,2021-03-01
95093,J,
95192,F,
95258,J,
95297,F,
95333,F,2021-04-02
95338,F,
95339,J,
95342,J,
95353,F,
95357,J,
95390,F,
95424,F,
95425,F,
95522,J,
95622,J,2021-03-05
95654,F,
95688,J,
95689,F,2021-05-11
95720,J,2021-01-04
95753,F,
95786,F,
95853,F,
95855,F,
95885,F,2021-03-29
95918,J,
95952,F,
95954,J,
95955,F,
95956,F,2021-08-31
96085,F,2021-01-01
96149,J,
96352,F,
96413,F,2021-04-26
96446,J,2021-04-28
96453,F,
96456,F,
96479,F,
96512,J,
96545,F,
96644,F,
96677,F,2021-07-04
96678,J,
96710,F,
96776,J,
96908,J,2021-07-07
96943,F,
96956,J,
96957,F,2021-04-02
96961,F,
96964,F,
96968,F,2021-07-26
96969,F,
96974,F,
96978,F,
97008,F,2021-04-21
97040,J,2021-05-25
97073,F,2021-01-11
97140,F,
97370,J,
97403,F,2021-03-18
97436,F,
97470,J,
97503,F,2021-07-05
97538,F,
97541,F,
97570,F,
97634,F,2021-05-27
97668,F,
97902,F,
97932,F,
97964,F,
97997,J,
97998,F,
98030,J,2021-04-16
98063,J,
98096,F,
98229,F,
98261,F,
98363,F,
98393,F,2021-04-13
98460,F,2021-03-21
98526,F,2021-03-24
98691,F,2021-08-22
98822,F,2021-04-19
98855,F,2021-01-15
98987,F,2021-02-11
99053,F,2021-02-09
99055,J,2021-04-28
99119,F,
99318,F,
99323,F,
99417,F,
99515,F,2021-02-22
99647,J,2021-03-22
99680,F,
99682,J,2021-07-27
99713,F,
99847,F,
99852,F,2021-05-17
99913,F,
99944,J,
100012,F,
100019,J,
100022,F,2021-02-19
100026,J,
100046,F,
100047,F,2021-03-03
100109,J,
100308,F,
100373,F,
100374,F,
100440,F,2021-02-23
100472,F,
100571,F,
100604,F,2021-06-23
100639,F,2021-02-19
100736,F,2021-06-14
100769,J,
100802,F,
100869,F,2021-07-20
100902,F,
101001,J,
101033,F,
101099,F,
101133,F,
101134,F,2021-04-16
101232,F,
101233,F,2021-01-15
101297,F,
101594,F,
101628,J,2021-04-13
101660,J,
101693,J,
101727,F,
101792,F,
101793,F,2021-06-22
101957,F,
102023,F,
102057,F,
102058,F,
102089,F,
102155,F,
102290,F,
102320,J,
102321,F,2021-07-06
102452,F,
102454,J,2021-03-21
102518,F,
102521,F,2021-02-26
102585,F,
102617,F,
102651,F,2021-04-14
102848,F,
102915,F,
103048,J,
103150,F,2021-01-19
103156,F,2021-04-13
103158,F,
103184,F,
103185,F,2021-05-12
103192,F,2021-02-03
103195,F,
103277,F,2021-01-27
103279,F,
103310,F,
103343,J,
103409,J,
103476,F,
103477,F,
103542,F,
103543,F,
103545,F,
103574,F,
103706,F,2021-02-28
103707,J,
103775,F,
103805,F,
103839,F,
103937,F,2021-04-20
103971,F,
104036,F,2021-06-01
104070,F,
104103,F,
104168,J,
104202,F,
104335,F,2021-03-22
104403,F,2021-01-08
104406,F,
104410,F,2021-08-12
104411,F,
104465,F,
104466,F,
104468,F,
104470,F,
104472,J,
104498,F,
104531,F,
104564,F,2021-01-25
104730,F,
104731,F,2021-07-07
104732,F,
104762,J,
104795,F,
104796,F,
104828,F,2021-06-27
104895,J,
105003,F,
105008,F,
105029,F,
105059,F,
105092,F,
105125,F,
105257,F,
105291,F,
105323,F,2021-03-15
105522,F,
105653,F,
105688,F,
105689,F,
105692,F,
105753,F,2021-07-27
105755,F,
105757,F,
105758,F,
105760,F,
105763,J,
105885,J,
105886,F,2021-06-03
105917,F,
105950,F,
105983,J,
105989,J,
106019,F,
106117,F,
106379,F,
106412,F,2021-07-14
106577,J,
106610,F,
106676,J,
106809,F,
106874,F,
106875,J,
106909,F,
106940,F,
106941,J,
106973,J,2021-04-07
107007,F,2021-05-17
107243,F,2021-06-29
107248,F,2021-07-27
107250,F,
107270,F,
107337,F,2021-02-22
107369,J,
107402,F,2021-02-22
107435,F,
107470,F,
107471,J,
107501,F,
107534,F,
107567,F,2021-03-05
107568,F,
107600,F,
107601,F,
107668,F,
107766,F,
107798,F,2021-01-03
107832,F,2021-03-24
107840,F,2021-05-25
107847,F,
107850,F,
107853,F,
107963,J,
107997,F,
108062,J,
108295,F,2021-03-05
108327,F,2021-06-02
108359,J,2021-02-05
108360,J,
108392,F,
108425,F,
108524,J,2021-08-31
108557,J,
108626,F,2021-04-01
108630,F,
108656,F,
108658,F,2021-03-19
108756,F,
108788,F,
108920,F,2021-03-01
108988,J,
109019,F,2021-02-25
109118,J,2021-03-04
109217,F,2021-01-15
109220,F,2021-04-17
109222,F,
109224,F,
109228,F,
109229,F,
109231,F,
109234,F,2021-03-15
109254,F,
109263,J,
109283,F,
109316,J,
109318,F,
109448,F,
109514,F,
109614,F,
109679,F,
109745,J,
109778,F,
109812,J,
109815,J,
109847,J,2021-07-13
109878,F,2021-04-06
109910,F,
109943,F,
110009,J,
110141,J,
110142,F,
110242,F,
110273,F,
110274,F,
110307,F,2021-06-30
110339,F,2021-03-13
110504,F,
110537,F,
110572,F,
110669,J,
110702,J,2021-08-03
110704,F,
110735,J,
110736,F,
110768,F,
110834,J,2021-09-07
110900,F,
110966,J,
110967,F,
111098,F,
111099,F,
111231,J,
111264,F,
111330,F,
111395,F,
111428,F,
111429,F,
111560,J,
111561,F,2021-05-10
111562,F,2021-04-13
111593,F,
111659,F,
111693,F,
111725,F,
111758,F,
111759,F,2021-07-14
111857,F,
111858,F,
111990,F,
111991,F,2021-02-09
111993,F,2021-03-26
111994,F,
112022,F,
112056,F,
112088,F,
112089,F,2021-08-17
112121,F,
112157,F,
112158,F,
112255,J,2021-04-12
112256,F,
112259,J,
112261,F,
112451,F,2021-05-26
112453,F,
112517,F,2021-09-03
112521,F,
112524,F,2021-06-29
112526,F,
112550,F,2021-02-19
112551,F,
112583,F,2021-09-01
112586,F,2021-08-31
112589,F,2021-06-01
112591,J,2021-02-01
112593,J,
112596,F,2021-08-24
112598,J,
112616,F,
112617,F,
112649,J,
112682,F,
112715,F,2021-02-04
112814,J,
112847,F,
112913,J,2021-04-14
112914,F,
112946,F,
113112,F,2021-05-01
113113,F,
113181,J,
113276,J,2021-08-02
113277,F,
113278,F,
113342,F,2021-04-30
113408,F,
113441,F,
113443,F,
113672,J,
113707,F,2021-05-18
113739,F,2021-04-15
113771,F,
113772,F,
113806,F,
113809,F,
114002,F,
114037,F,
114068,J,
114069,J,
114101,F,
114136,F,2021-04-22
114168,J,
114169,J,2021-04-19
114170,F,2021-05-18
114235,J,
114270,F,
114332,J,
114432,J,
114436,F,2021-07-27
114437,F,2021-04-19
114438,F,2021-06-20
114439,F,2021-03-04
114442,J,2021-03-08
114444,F,
114445,F,2021-08-24
114450,F,2021-03-24
114451,F,2021-01-26
114530,F,2021-05-12
114665,F,
114695,J,
114763,F,2021-05-12
114764,F,
114765,F,
114827,F,
114828,F,2021-04-20
114959,F,
114961,F,2021-03-12
114962,F,
114964,F,2021-05-13
114965,J,2021-04-19
114966,F,2021-04-13
114972,F,
114974,J,
115124,F,
115190,F,
115223,F,
115226,F,
115388,F,2021-08-17
115389,F,2021-08-16
115421,F,
115487,F,
115521,J,
115586,F,
115619,F,
115652,F,2021-09-05
115719,J,
115754,F,
115784,F,
115785,F,
115819,J,2021-04-27
115822,F,
115828,J,
115832,J,
115838,F,
115839,F,2021-01-21
115840,F,
115842,F,
115844,F,
115846,F,2021-05-13
115848,F,2021-02-19
115850,F,2021-06-08
115884,F,
115949,F,
115982,F,
116081,F,
116082,F,2021-08-02
116114,F,
116180,F,
116213,F,
116214,F,
116313,F,
116316,J,2021-08-16
116477,J,
116510,F,2021-08-17
116512,J,
116513,F,
116515,J,
116516,J,
116544,F,
116579,F,
116609,F,2021-03-25
116611,F,
116612,F,2021-04-09
116613,F,
116615,F,2021-02-25
116616,F,
116617,F,
116621,F,2021-03-10
116626,J,
116741,F,2021-04-30
116776,F,2021-08-27
116807,F,
116840,F,
116972,F,
117038,J,
117071,F,2021-04-19
117073,F,2021-06-30
117074,F,
117203,F,2021-05-17
117206,F,
117209,F,2021-04-09
117215,F,
117216,F,
117237,F,
117239,F,2021-07-19
117403,F,
117434,J,
117467,F,
117568,F,
117569,F,
117570,F,
117571,J,
117731,F,
117764,F,
117769,F,
117863,F,
118193,F,2021-05-14
118194,F,
118227,F,
118259,J,
118425,F,
118426,F,
118457,F,2021-01-18
118557,J,
118589,J,
118689,F,
118690,J,
118692,J,
118820,F,2021-06-29
118856,F,2021-07-26
118863,F,
118864,F,
118866,F,
118952,J,
119052,F,
119053,J,
119216,F,2021-03-04
119249,J,
119315,F,
119316,J,
119418,F,
119419,F,2021-02-21
119420,J,
119424,F,2021-06-11
119447,F,
119480,F,
119579,F,
119678,F,
119711,F,
119943,F,2021-05-11
119977,F,2021-06-02
119979,F,2021-06-11
120109,F,
120140,J,2021-08-03
120142,F,2021-03-31
120144,F,2021-06-03
120174,F,
120240,F,2021-06-30
120242,J,
120371,J,
120438,F,2021-04-16
120439,F,
120602,J,
120604,F,2021-03-11
120606,F,2021-01-25
120638,F,
120668,F,2021-07-27
120932,F,
120933,F,
120965,F,
121036,F,
121064,F,
121229,F,
121361,F,
121394,F,
121526,F,2021-04-26
121530,F,2021-07-06
121792,F,
121891,F,
121893,F,
121894,J,2021-04-02
121895,F,
121900,F,
121922,F,
121955,F,
122120,J,
122121,J,2021-02-08
122221,F,
122252,F,2021-08-03
122253,F,
122255,F,
122318,F,
122352,J,
122384,F,
122418,F,
122420,F,
122421,F,2021-02-18
122422,F,
122425,F,
122517,J,
122549,F,2021-02-26
122550,J,
122648,F,2021-03-16
122681,F,2021-02-22
122747,J,
122846,J,
123077,F,2021-08-30
123143,F,2021-03-20
123176,F,2021-04-30
123242,F,
123375,F,
123376,F,2021-05-31
123440,J,2021-07-28
123605,J,
123771,J,
123772,F,
123803,F,
123836,F,
124001,F,
124067,F,
124629,J,
124696,F,2021-06-07
124730,F,
124760,J,
124799,F,
124859,J,
124892,J,
124926,J,
125057,F,2021-02-11
125255,F,2021-02-21
125322,F,
125354,F,
125486,F,
125519,F,2021-03-23
125684,J,
125717,F,
125816,J,
125882,J,
126179,F,2021-05-18
126278,F,2021-02-27
126378,F,
126509,J,
126542,J,
126577,J,
126707,F,2021-02-14
126806,F,
126872,J,2021-03-04
126938,F,
126971,F,2021-05-18
126973,F,2021-03-25
126974,F,
127004,F,
127005,F,
127301,J,2021-03-18
127367,F,
127435,F,
127500,F,
127504,F,2021-03-05
127532,F,2021-04-11
127565,J,2021-02-11
127570,F,2021-02-19
127573,F,2021-08-17
127600,F,
127601,F,
127631,J,
127633,F,
127634,J,
127639,J,
127641,F,
127664,J,2021-04-23
127697,F,
127699,F,
127701,J,
127730,J,2021-02-27
127765,F,
127796,F,
127863,F,2021-08-25
127961,J,
127995,F,2021-07-26
128028,F,2021-07-18
128163,F,2021-06-14
128166,F,2021-03-23
128167,F,
128168,F,2021-06-28
128226,F,
128227,F,
128229,F,
128233,F,
128291,F,
128392,J,
128394,F,2021-03-16
128522,F,
128523,F,
128557,F,2021-04-20
128589,F,
128621,F,2021-02-21
128688,F,
128720,F,2021-07-14
128754,F,2021-02-25
128756,F,
128757,J,2021-07-20
128788,J,
128789,J,
128792,F,
128793,F,
128794,F,2021-03-04
128819,F,2021-03-26
128852,J,
128854,F,
128885,F,
128887,F,
128919,F,
128984,F,
129017,F,2021-05-26
129050,F,
129116,F,2021-03-07
129150,J,2021-04-20
129182,J,
129184,J,2021-08-25
129185,F,2021-04-23
129191,F,
129193,F,2021-08-09
129284,F,
129293,J,2021-02-04
129314,J,
129348,J,2021-02-28
129349,F,2021-04-22
129350,F,
129413,J,2021-03-31
129414,F,
129446,F,
129448,F,
129481,F,
129513,F,2021-07-05
129514,F,2021-04-28
129515,F,
129580,F,2021-04-24
129644,F,
129678,F,
129679,F,2021-03-01
129710,F,
129743,F,2021-07-08
129747,F,
129748,J,2021-07-01
129749,J,
129842,F,
129875,J,2021-07-13
129876,F,
129941,F,2021-08-26
130073,F,
130110,F,
130139,F,2021-04-15
130240,F,
130341,F,2021-06-23
130437,F,
130502,F,
130636,J,2021-04-23
130667,F,2021-02-09
130701,F,
130703,F,
130733,F,
130834,F,2021-06-26
130835,F,
130836,J,
130839,J,
130840,F,
130841,F,
130845,J,
130851,F,
130853,F,
130864,F,2021-03-01
130865,F,
130866,F,
130870,J,2021-08-16
130871,J,
130898,F,
130964,F,
131030,F,
131097,F,
131100,J,
131197,F,
131200,F,
131201,F,
131228,F,
131262,J,
131265,J,
131294,F,
131526,F,
131559,F,2021-09-06
131560,F,
131592,F,
131690,F,
131823,J,
131824,J,
131855,F,
131889,F,
131891,F,
131921,F,
131922,F,
131924,F,
131988,F,
132020,F,2021-03-07
132153,F,
132154,F,
132186,F,
132187,F,
132218,F,2021-08-04
132252,F,
132254,F,
132255,F,2021-09-07
132257,J,
132284,F,2021-06-22
132285,F,
132383,F,
132418,F,2021-03-14
132450,F,
132452,F,
132582,F,2021-07-14
132614,F,
132650,F,
132680,J,2021-05-11
132780,F,2021-05-04
132878,F,
132913,F,
132914,F,
133076,F,
133208,J,
133210,F,2021-04-06
133241,J,
133340,F,
133341,F,
133407,J,
133408,F,
133577,F,
133704,F,
133803,J,2021-06-15
133835,J,2021-04-06
133836,F,
133868,F,
133904,F,2021-08-13
133935,J,
133967,F,2021-01-21
133968,F,
134033,J,
134099,J,2021-03-11
134165,F,2021-08-15
134198,J,2021-05-14
134332,J,
134333,F,2021-08-16
134339,F,2021-07-19
134341,F,2021-03-09
134363,F,
134365,F,
134366,F,2021-08-30
134371,F,2021-09-01
134375,J,
134376,F,
134430,J,2021-03-07
134528,J,
134533,F,
134594,J,
134595,F,
134662,F,
134792,F,
134825,J,
134858,F,
134892,J,
134893,F,
134925,F,
134990,F,
135023,F,
135024,F,
135026,F,
135056,F,
135089,J,
135122,F,
135188,J,
135287,F,2021-08-17
135320,J,
135386,F,
135488,F,2021-05-11
135551,F,2021-05-25
135552,F,
135587,F,
135883,F,
135915,F,
135947,J,2021-07-13
136048,F,
136049,F,
136050,F,
136052,J,2021-09-06
136112,F,
136178,F,2021-04-16
136211,F,
136244,F,
136311,F,2021-06-11
136376,F,
136378,F,
136445,F,
136609,F,
136772,F,
136806,J,
136838,F,
136841,F,
136872,F,
136970,F,
136971,F,
137070,J,
137103,F,
137168,F,
137236,F,
137238,F,
137433,F,
137500,J,
137531,J,2021-08-13
137566,F,
137630,F,
137663,F,
137696,J,
137861,F,2021-03-18
137895,F,
137896,F,
137897,F,
137960,J,
137993,J,
138092,F,2021-03-30
138191,F,2021-04-04
138192,F,
138257,F,
138261,F,
138292,F,
138329,F,
138330,F,
138331,F,
138333,F,
138335,F,
138339,F,2021-08-23
138340,F,2021-07-15
138422,F,
138488,F,
138522,F,
138587,J,
138620,F,
138720,J,
138785,J,2021-05-11
138818,J,2021-06-11
138851,F,2021-03-15
138884,J,
138917,F,
138952,F,
138953,J,2021-07-14
139050,F,
139054,J,
139055,F,
139056,J,
139083,F,2021-03-19
139115,J,2021-05-31
139214,F,
139215,J,2021-03-23
139313,F,
139381,F,
139412,F,
139445,J,
139478,F,2021-02-11
139644,F,2021-04-05
139676,F,
139709,F,
139744,F,
139808,F,
139809,F,
139907,J,
139940,F,
140006,F,
140008,F,
140072,F,2021-03-30
140171,F,2021-06-23
140206,F,
140303,F,
140336,J,2021-06-22
140402,F,
140501,F,2021-03-29
140534,F,
140634,F,2021-07-06
140635,J,
140666,F,
140700,F,2021-03-08
140732,F,
140798,F,
140799,F,
140802,F,
140831,F,2021-04-14
140931,J,
140963,F,
140964,J,2021-02-24
141097,F,2021-05-13
141293,F,
141326,F,
141359,J,2021-08-03
141425,F,2021-08-16
141623,F,
141694,F,
141701,F,2021-05-29
141705,F,
141711,F,
141729,F,2021-03-20
141732,F,
141734,F,2021-05-10
141739,F,2021-03-30
141740,J,
141741,J,
141744,F,
141747,J,
141748,J,
141750,J,2021-03-08
141751,J,2021-04-07
141753,J,2021-06-23
141754,F,
141760,F,
141763,F,
141769,F,
141770,J,
141771,F,2021-03-31
141772,F,
141778,J,
141780,F,
141784,F,
141789,J,
141791,J,
141794,F,
141796,F,
141798,F,
141799,F,
141800,F,2021-02-10
141801,F,
141802,F,
141806,F,
141810,F,
141811,F,
141815,F,
141821,F,2021-06-21
141822,F,
141826,J,
141827,F,
141836,J,2021-09-03
141843,J,2021-03-08
141844,J,
141845,F,
141850,F,2021-07-01
141852,F,2021-06-15
141853,F,
141860,F,
141863,F,
141869,F,
141870,F,
141885,J,
141886,J,
141895,J,
141897,F,2021-05-25
141900,F,
141901,J,
141902,F,
141904,F,
141905,F,
141906,F,2021-07-05
141909,J,
141912,F,
141914,F,2021-04-20
141916,J,2021-06-22
141919,F,
141920,F,2021-04-27
141921,F,
141922,F,
141925,J,
141926,F,
141928,F,
141932,F,2021-07-16
141934,F,
141936,F,
141940,J,
141942,F,
141943,F,
141946,F,
141955,J,
141957,F,
141959,F,2021-03-29
141963,F,
141965,J,
141975,F,
141978,F,
141980,F,
141981,J,2021-05-31
142019,F,2021-04-01
142021,F,2021-06-09
142022,F,2021-07-04
142219,F,
142220,F,
142251,F,2021-04-15
142252,F,
142254,F,
142283,J,
142316,F,
142318,J,2021-06-01
142319,F,
142352,F,
142382,F,
142514,J,
142548,F,
142550,F,
142679,J,
142681,F,
142746,J,
142814,F,2021-04-26
142845,J,2021-03-31
142910,F,
142943,F,2021-07-02
142976,F,
143010,F,
143011,J,
143013,F,
143142,F,
143143,F,
143207,F,2021-06-30
143273,F,2021-09-07
143373,J,
143405,F,
143406,F,
143440,J,
143471,F,
143571,J,
143702,F,2021-09-01
143835,F,
143836,J,
143868,J,
143902,F,2021-04-26
143999,J,
144032,F,
144033,J,
144035,F,
144036,F,
144131,J,2021-03-19
144164,F,
144165,F,2021-07-06
144231,F,
144296,F,2021-09-07
144363,J,2021-05-03
144428,F,2021-09-07
144501,F,2021-06-20
144560,F,
144692,J,
144725,J,2021-07-07
144758,F,
144791,J,
144924,F,
144956,J,
145022,F,2021-04-19
145055,F,
145089,F,2021-09-03
145121,F,2021-07-12
145155,F,2021-07-27
145156,F,
145157,F,2021-06-28
145194,J,
145299,J,2021-04-06
145435,J,
145539,F,2021-06-03
145640,F,
145673,F,
145739,J,
145774,F,
145842,F,
146043,F,
146077,F,
146111,F,
146113,J,
146146,F,2021-08-10
146148,F,2021-03-27
146183,F,
146217,J,2021-04-13
146220,F,2021-04-07
146320,F,2021-04-01
146321,F,
146355,F,
146389,J,
146429,F,
146529,J,
146530,F,
146597,F,2021-06-08
146697,F,
146732,F,2021-06-01
146934,F,
147069,F,
147072,F,
147110,J,
147111,F,
147180,F,2021-04-07
147512,F,2021-06-28
147646,F,
147745,J,2021-07-03
147747,J,
147786,J,2021-08-10
147819,F,
147852,F,2021-07-03
147919,J,
147920,F,2021-06-26
147953,F,
147986,F,
148019,F,
148157,F,
148191,J,
148257,F,
148290,F,2021-07-20
148457,J,
148490,F,
148560,F,
148564,F,
148565,F,2021-05-18
148668,F,2021-07-03
148737,F,
148770,J,
148969,F,2021-06-25
149002,J,
149101,F,
149168,J,2021-04-03
149201,F,
149336,J,
149337,F,
149339,F,2021-04-16
149342,F,
149375,J,
149376,J,
149444,F,2021-06-03
149510,F,2021-05-27
149512,F,
149513,J,
149647,J,
149717,F,
149718,F,
149752,J,
149918,F,
149952,F,
150018,J,2021-07-07
150021,F,2021-05-07
150058,F,
150229,F,
150430,J,
150497,F,
150498,F,2021-04-22
150630,F,
150670,J,2021-04-22
150706,F,
150905,F,2021-05-08
150973,F,2021-08-03
151039,J,
151139,F,
151140,J,
151241,F,
151242,F,2021-08-17
151407,F,
151539,J,
151546,F,
151547,F,
151549,J,
151550,F,2021-04-29
151554,F,
151555,F,
151589,F,
151592,J,
151594,F,
151597,J,
151599,F,2021-07-20
151600,J,
151604,F,2021-08-03
151606,F,
151706,F,
151805,F,2021-04-06
151806,F,2021-04-22
151807,F,
151875,F,2021-07-23
151942,J,
151943,J,
152075,F,
152142,F,
152143,J,
152176,J,2021-05-10
152209,F,
152242,J,
152243,F,
152342,F,
152375,F,
152381,J,
152420,J,
152421,F,
152455,F,2021-03-13
152488,F,
152588,F,2021-04-22
152622,F,
152623,F,
152656,F,
152722,F,
152723,F,
152757,J,2021-05-11
152791,F,
152827,F,2021-05-11
152860,F,
152861,F,
152960,F,
153162,J,
153261,F,
153294,F,
153361,F,2021-04-23
153427,F,2021-03-23
153460,F,
153527,F,2021-06-28
153599,F,
153665,J,
153832,F,2021-08-23
153865,F,
153969,F,2021-06-25
154104,J,
154107,F,2021-04-27
154140,J,
154375,J,
154409,J,2021-05-31
154712,F,2021-05-14
154746,F,
154747,F,
154751,F,2021-06-22
154752,F,
154788,F,
154824,F,
154826,F,2021-06-24
154832,F,
154903,F,
154904,F,
154940,F,
154942,F,
154943,F,2021-04-25
154976,F,
155042,J,2021-06-25
155108,F,
155141,F,
155142,F,
155208,F,
155373,F,
155410,F,
155444,F,
155445,J,
155479,J,2021-04-29
155512,J,
155547,F,
155548,J,
155549,F,
155583,F,
155682,F,
155715,F,
155882,F,2021-04-30
155883,F,
155916,F,2021-05-31
155950,F,2021-05-31
155951,F,2021-07-29
155985,F,
156018,F,
156150,F,
156262,F,2021-05-25
156366,F,
156537,F,
156538,F,
156575,F,
156609,F,2021-07-06
156642,F,
156709,F,
156710,F,
156779,F,
156845,F,
156847,F,
156851,F,
156855,J,2021-04-27
156856,F,2021-06-25
156959,F,
156993,F,2021-06-28
157060,F,
157061,F,
157263,F,
157462,F,
157538,J,2021-05-24
157571,J,2021-04-09
157607,J,
157643,F,
157778,F,2021-03-18
157779,F,
157813,F,
157816,J,
157818,F,
157819,F,2021-06-23
157820,F,2021-06-20
157821,F,
157828,F,2021-06-24
157862,F,
157999,F,
158001,F,
158002,J,
158004,F,
158009,F,2021-07-07
158010,F,
158044,F,
158058,F,
158060,F,
158066,F,
158068,F,2021-05-02
158171,F,2021-06-22
158237,F,
158239,F,2021-05-06
158305,F,
158338,J,
158371,F,2021-05-25
158439,F,
158539,F,
158540,F,
158609,F,
158610,F,2021-05-12
158613,F,
158616,F,
158618,J,
158619,F,2021-06-17
158652,F,
158753,F,
158787,J,2021-07-21
158820,F,
158853,F,2021-08-23
158921,F,
158922,F,2021-06-29
158956,F,
158989,F,2021-05-06
159056,J,2021-08-03
159124,F,
159130,F,
159197,F,
159263,F,
159265,F,2021-05-04
159338,F,
159439,F,2021-05-19
159604,F,2021-07-20
159637,J,
159670,F,2021-05-04
159672,F,
159772,F,2021-07-28
159805,F,
159872,F,
159874,F,2021-05-30
159943,F,2021-08-06
159978,F,2021-09-07
160016,J,2021-08-31
160049,F,
160181,F,
160182,F,
160416,F,
160418,F,
160484,F,
160520,F,
160557,J,2021-05-06
160629,F,
160662,J,
160865,F,
161131,F,
161164,J,
161197,F,
161365,F,
161442,F,
161444,F,
161447,F,
161448,F,2021-04-20
161449,F,2021-05-07
161450,F,
161451,F,
161486,F,
161651,F,
161652,F,
161718,F,2021-07-07
161751,J,
161852,F,
161854,F,
161889,F,2021-03-22
161922,J,2021-05-14
161956,F,
161990,F,
162023,F,
162126,F,2021-08-19
162294,J,2021-06-30
162329,F,
162331,F,
162336,F,
162371,F,
162372,F,
162406,F,
162477,F,
162546,J,
162753,F,
162756,F,
162757,J,2021-05-18
162826,J,
162827,J,
162860,F,2021-05-11
162959,J,
163027,F,
163128,F,2021-07-05
163197,F,2021-07-14
163231,F,
163538,F,2021-05-11
163639,F,
163672,F,
164038,J,
164041,F,
164042,F,
164212,F,
164213,J,
164219,F,
164291,F,
164324,F,
164424,F,
164524,J,
164557,F,2021-05-28
164658,F,2021-05-12
164791,F,
164824,F,
164858,F,
164859,F,
164928,F,2021-05-30
164961,F,
164994,F,
165027,F,2021-05-06
165095,F,
165106,F,2021-09-07
165107,F,
165111,F,
165149,F,
165152,F,2021-05-14
165154,F,
165156,J,2021-06-03
165261,J,
165361,F,
165560,J,
165659,J,
165758,F,
165792,J,
165992,F,
166025,J,
166095,F,2021-08-24
166162,F,
166196,F,
166329,F,
166395,F,
166494,J,2021-08-06
166659,F,2021-05-18
166661,F,2021-06-15
166729,F,
166795,J,
166930,J,2021-05-21
167063,F,2021-08-30
167229,F,
167396,F,
167464,F,
167497,F,
167960,F,2021-09-07
168031,F,
168032,F,
168034,J,
168067,F,2021-07-07
168068,F,2021-05-26
168076,J,2021-05-18
168144,F,
168178,F,
168221,J,
168224,J,
168258,F,
168291,F,
168357,J,
168424,J,
168491,J,
168524,F,2021-06-24
168560,F,
168595,J,
168628,F,
168729,F,
169037,F,
169070,F,
169138,F,2021-06-16
169139,F,
169238,F,
169272,F,
169305,J,2021-06-30
169371,J,
169372,J,
169405,F,
169438,F,
169439,F,
169506,F,
169572,F,
169638,J,
169672,J,
169674,F,
169675,F,
169679,F,
169715,J,
169880,F,2021-05-12
169913,F,
170079,F,2021-08-29
170113,F,2021-07-24
170179,F,
170345,F,
170579,J,
170681,F,2021-06-17
170886,F,
170952,F,
170985,J,
171153,F,
171220,F,
171253,F,
171321,F,
171422,F,
171521,J,2021-07-02
171554,F,2021-06-01
171620,F,2021-07-29
171655,F,
171858,F,
171861,F,
171862,F,
171864,F,2021-05-01
171898,F,2021-06-01
171935,F,
171938,F,
171939,F,
171940,F,
172074,F,
172108,F,
172143,J,
172177,F,
172210,F,
172246,F,
172247,J,
172248,J,2021-05-10
172512,F,2021-08-19
172612,J,
172783,F,
172816,F,
172948,F,
172981,F,
173051,F,
173117,F,
173283,F,
173286,F,2021-07-07
173419,F,
173486,F,
173487,F,
173488,F,
173489,F,
173589,J,
173756,F,2021-06-08
173828,F,
173862,F,
173963,F,2021-05-22
174030,J,
174100,F,
174201,J,2021-05-25
174268,F,
174402,F,
174436,F,2021-08-04
174469,J,
174502,J,2021-05-06
174667,F,
174706,J,
174805,F,
174838,F,
174839,F,
174872,F,2021-08-03
175301,F,
175403,F,
175606,F,
175610,F,
175611,F,
175615,F,
175621,F,2021-07-21
175657,F,2021-08-06
175693,F,
175695,F,
175959,J,
176025,F,
176160,J,
176227,F,
176260,J,
176360,F,
176426,F,
176459,F,
176460,F,2021-06-21
176530,J,
176669,F,
176838,F,2021-06-10
176906,J,
176972,F,
177336,J,
177441,J,2021-08-23
177474,F,
177512,F,2021-07-23
177586,F,2021-07-21
177620,F,
177621,J,2021-08-24
177628,F,2021-06-15
177630,F,
177696,F,2021-05-31
177832,F,
177998,J,2021-09-07
178163,F,
178196,F,
178230,F,2021-05-25
178432,J,
178564,F,
178630,F,2021-06-14
178795,J,
178894,J,
178895,F,2021-07-07
178932,J,2021-08-31
178933,F,
179099,J,
179138,F,
179139,F,
179174,F,
179379,F,
179412,F,2021-06-15
179445,F,2021-08-12
179478,J,
179511,F,
179545,F,2021-07-05
179578,J,
179613,F,
179779,F,
179884,J,2021-06-24
180019,J,
180152,J,2021-07-20
180284,F,2021-08-14
180449,F,
180483,J,
180517,J,
180520,F,
180587,F,
180620,J,
180653,F,
180719,J,
180720,J,2021-07-14
180753,F,
180819,F,
181050,J,
181117,F,
181152,F,
181251,F,
181284,F,
181350,F,
181417,F,
181485,F,2021-06-21
181518,J,
181584,F,
181684,F,
181717,F,
181751,F,
181850,J,2021-05-26
181949,F,
181983,F,
182016,F,
182017,F,2021-08-12
182217,F,
182284,F,
182285,J,
182386,F,
182485,F,
182584,J,
182683,F,2021-06-17
182815,J,
182883,F,2021-06-21
183227,J,
183229,J,
183232,F,2021-08-11
183235,F,2021-07-04
183304,F,
183339,J,2021-05-13
183405,J,
183504,F,
183537,J,2021-08-24
183570,F,
183603,F,
183637,F,
183671,F,
183740,J,
183839,F,
183906,F,
184040,F,
184308,F,
184408,J,2021-07-27
184475,F,2021-07-19
184508,F,
184509,F,2021-05-06
184510,J,
184543,J,
184576,F,
184675,F,
184840,F,
185043,F,2021-06-24
185044,F,
185111,F,2021-06-21
185211,F,2021-08-03
185279,J,2021-06-06
185345,J,
185411,F,2021-07-05
185478,F,
185579,F,
185678,F,
185779,F,
185845,F,
185913,F,
186046,F,
186112,F,
186182,J,
186248,F,
186282,F,
186315,F,
186349,F,
186382,F,
186516,J,
186583,F,
186617,F,
186784,F,
186982,F,2021-05-18
187215,F,
187217,F,
187285,F,
187351,F,
187422,F,
187488,F,
187654,F,
187690,F,
187693,J,
187800,F,2021-07-19
187803,F,2021-06-18
187809,F,
187810,F,
187845,F,
187879,F,
187912,J,
188215,F,
188283,F,
188316,F,
188349,F,2021-06-18
188382,F,
188415,F,2021-05-31
188481,F,
188514,J,
188784,F,2021-06-29
189085,F,
189218,F,
189220,F,
189391,F,
189425,J,
189590,F,2021-07-30
189591,F,2021-07-08
189827,F,
189860,F,2021-08-18
189926,F,
189928,J,2021-06-22
189999,J,
190131,F,
190164,F,
190299,F,2021-07-27
190300,F,
190501,F,2021-08-02
190534,F,
190601,J,
190668,F,
190767,F,
190934,J,
190968,F,
191266,F,2021-07-01
191267,F,
191367,J,
191400,F,
191469,F,
191538,J,
191670,F,
191672,F,
191747,F,
191841,F,
191874,F,
192006,F,
192105,J,2021-07-06
192171,F,
192339,F,2021-07-13
192369,F,
192402,F,2021-07-22
192600,J,
192667,F,
192864,J,2021-07-05
192930,F,
192964,F,
192996,F,
193062,F,
193095,J,2021-06-04
193096,F,
193227,F,2021-07-07
193261,J,
193295,J,
193623,F,2021-09-07
193689,J,
193887,J,
194022,F,
194052,F,
194151,F,
194184,F,
194218,F,
194250,J,
194283,F,2021-07-29
194349,J,
194350,F,
194382,J,
194384,J,
194550,F,2021-06-11
194613,F,
194745,F,
194779,F,
194877,F,
194910,F,
194944,F,2021-08-12
195009,J,
195174,F,
195207,F,
195273,F,2021-06-20
195306,F,
195373,J,
195439,F,
195604,F,
195669,F,
195703,F,
195805,F,2021-08-20
195900,F,2021-07-06
196032,J,
196065,F,2021-07-04
196362,F,
196428,F,
196461,J,
196527,F,
196659,F,
196692,F,2021-08-03
196725,F,
196791,F,2021-09-01
196857,F,
196957,J,
196990,F,
197022,F,
197121,F,2021-08-16
197155,F,2021-07-27
197322,F,
197418,J,
197451,F,
197452,F,
197453,J,
197617,J,2021-08-26
197748,J,
197749,F,2021-06-16
197781,J,
197880,F,2021-08-04
197946,F,
198012,J,
198045,F,2021-07-06
198078,F,
198111,J,
198375,F,2021-08-19
198508,F,
198573,F,2021-08-19
198606,F,
198639,F,
198805,J,
198936,J,2021-06-28
199035,J,
199068,J,
199101,F,2021-07-19
199167,F,
199200,F,
199299,J,
199365,J,
199431,F,
199464,F,
199497,F,
199563,F,
199665,F,
199696,F,
199761,F,
199828,F,
199860,J,
200157,F,
200190,F,
200224,J,
200256,F,
200355,J,
200487,F,
200553,F,
200753,F,
200820,J,
200822,F,
200823,F,
200824,F,
200829,F,
200850,F,
200951,F,2021-08-13
200982,F,
201015,F,
201048,F,
201147,F,2021-06-04
201213,F,
201246,F,2021-08-17
201279,F,
201312,F,
201345,F,
201346,F,
201378,F,2021-08-30
201411,J,2021-08-03
201444,F,
201510,F,
201511,F,
201576,F,2021-09-06
201744,F,2021-07-20
201842,F,2021-08-09
202203,J,
202204,F,2021-07-16
202205,F,
202434,F,
202533,F,
202698,J,
202732,J,
202963,F,
202996,F,
203029,F,
203030,F,2021-08-31
203160,F,
203193,F,
203194,F,
203229,F,2021-08-06
203292,F,
203325,J,
203328,F,
203330,F,
203337,J,2021-08-03
203457,F,
203523,F,
203525,J,2021-08-16
203589,J,
203754,F,
203788,J,2021-08-30
203789,F,
203820,F,
203954,F,
203958,F,
203963,F,
204117,F,
204249,J,
204381,F,
204384,F,2021-07-26
204480,F,
204513,F,2021-07-01
204579,J,
204580,F,
204678,F,
204777,F,
204848,F,
204853,J,2021-07-19
204877,F,
205305,F,2021-07-21
205306,F,2021-08-29
205307,F,
205338,F,
205504,F,
205701,F,
205707,F,
205736,J,2021-07-21
205767,F,
205800,J,2021-07-27
206065,F,2021-07-23
206097,J,
206361,J,
206559,F,
206660,F,
206663,F,
206665,F,
206692,F,
206724,J,
206725,F,
206824,J,
206956,F,
206989,F,2021-08-31
207021,F,
207120,F,
207219,F,
207220,F,
207253,F,
207285,J,
207418,J,
207684,J,
207984,J,
208190,J,
208191,J,
208193,F,
208199,F,2021-07-12
208267,F,2021-09-06
208334,F,
208367,F,
208402,F,2021-07-19
208435,F,
208436,F,
208504,J,
208505,F,
208538,F,2021-08-06
208604,F,
208740,F,
208806,F,2021-08-12
208839,F,
208938,F,
209005,J,
209038,J,
209104,F,
209141,F,2021-07-29
209344,F,2021-09-07
209477,J,
209510,F,
209543,F,
209609,F,
209808,J,
209946,J,
210013,F,
210283,F,2021-08-30
210382,F,
210383,F,
210550,F,
210583,F,
210682,F,
210717,J,
210751,F,
210817,F,
210856,F,
210991,F,
211024,F,
211090,F,2021-07-10
211391,F,
211424,F,
211457,J,
211988,F,
212225,J,2021-08-05
212390,F,
212456,F,2021-07-30
212621,F,
212820,F,
212821,F,
212858,F,
212896,F,
212931,F,
212933,F,
213006,F,
213205,F,
213238,F,
213239,F,
213305,F,
213371,F,
213406,F,
213572,F,
213573,F,
213639,F,
213672,F,2021-08-05
213706,F,
213774,F,2021-08-23
213906,F,
214140,F,
214206,F,
214306,F,
214372,F,2021-08-24
214538,J,
214571,F,
214738,F,2021-09-07
214771,F,
214804,J,2021-08-31
214904,F,
214937,F,
215104,F,
215508,F,
215543,J,2021-08-06
215544,F,
215677,F,
215776,F,
216007,F,
216110,F,
216210,F,
216477,F,
216543,F,
216611,F,
216644,F,
216744,J,
216844,F,
216910,J,
217047,F,
217180,J,
217213,F,
217248,F,
217316,J,
217482,F,
217548,F,
217748,F,2021-08-11
217781,F,
217816,J,
217850,F,
217885,F,
218187,F,
218220,F,
218422,J,
218463,J,
218564,F,
218566,J,
218865,F,
218899,F,
218932,F,
218933,J,
218999,F,
219099,J,
219401,J,
219633,F,
219699,J,
219866,F,
219899,F,
219900,F,
219934,F,
220071,J,
220073,F,
220242,F,
220507,J,
220606,J,
220640,F,
220674,J,2021-08-12
220708,F,
220873,F,
220940,J,
221112,F,2021-08-05
221145,J,
221312,F,2021-08-15
221379,J,
221413,J,
221546,F,
221645,F,
221678,F,
221782,J,2021-09-02
221950,F,2021-08-31
221983,F,
222050,J,
222083,F,
222151,F,2021-07-09
222217,J,
222285,F,2021-08-27
222385,J,
222418,F,
222452,F,
222751,F,
222861,F,2021-08-16
222866,J,
222867,J,
223136,F,
223138,F,
223139,F,
223172,F,2021-07-13
223271,F,
223272,J,
223372,F,
223405,F,
223736,F,
223872,F,
223873,F,
223940,F,
223975,F,
224009,F,
224042,F,2021-08-17
224077,F,
224242,J,
224276,F,
224476,F,
224509,F,
224545,F,
224745,J,
224778,F,
224811,F,
224910,J,
225213,F,
225284,F,
225384,J,
225417,J,
225451,J,
225584,F,
225915,F,2021-08-27
226017,F,
226085,J,2021-07-30
226352,F,
226518,F,
226519,F,
226552,F,
226585,F,
226618,F,
226882,F,2021-09-07
227027,F,2021-08-20
227028,F,
227031,F,2021-08-04
227364,J,
227463,F,
227531,F,
227598,F,
227631,J,
227697,J,
227798,J,
227964,J,
228198,F,
228201,F,
228235,F,
228499,J,2021-09-07
228532,F,
228666,F,
228735,F,
229134,F,
229168,F,
229169,F,
229204,F,
229238,F,
229304,F,
229338,J,
229437,J,
229506,F,
229639,F,
230039,F,
230305,F,
230340,F,2021-08-31
230373,J,
230506,F,
230572,F,
230742,F,
230809,F,
230876,F,
230909,F,
231009,F,
231043,J,
231110,F,
231143,F,
231177,F,2021-08-22
231210,F,
231243,F,2021-08-30
231442,F,
231444,F,
231577,F,2021-09-07
231810,F,
231918,F,
231996,F,
232029,J,
232033,J,
232103,F,
232269,J,
232303,F,
232337,F,2021-09-06
232370,J,
232403,F,2021-09-06
232440,F,
232541,J,
232575,J,
232774,J,
232874,F,
233007,F,
233140,F,
233141,F,
233175,F,
233208,J,
233274,F,2021-08-27
233340,F,
233373,F,
233606,J,
233607,F,
233641,F,
233707,J,
233710,J,
233809,J,
233909,J,
233910,F,
233945,F,
233979,F,
234211,F,
234741,F,
234943,F,
234976,F,
235042,F,
235142,F,
235243,F,
235310,J,
235510,J,
235544,F,
235610,J,
235709,F,
235942,F,
235975,F,
236008,F,2021-09-06
236041,F,
236107,F,
236173,F,
236206,F,2021-09-07
236239,F,
236440,F,
236473,F,
236539,J,2021-08-27
236575,F,
236608,F,
236676,F,
236711,J,
236778,J,2021-09-07
236910,F,
236911,F,
237044,F,
237112,F,2021-09-01
237146,J,
237247,F,
237248,F,2021-08-02
237314,F,
237315,J,
237414,F,
237447,F,
237480,F,
237514,J,
237614,F,
237649,J,
237682,F,
237783,F,
237816,J,
237882,J,
237915,J,
238080,F,
238114,J,2021-08-16
238213,F,
238214,F,2021-09-07
238577,F,
238645,F,
238646,F,
238712,J,
238778,F,
239078,F,
239144,F,
239375,F,
239576,F,
239743,F,
239776,F,
239809,F,
239842,F,
239908,F,
239941,F,
240007,F,
240206,F,
240239,F,
240272,F,
240404,F,
240470,F,
240504,J,
240537,F,
240605,F,
240775,F,
240810,F,
240811,F,
240845,F,
240847,F,
240947,J,
240980,F,
241047,J,
241080,J,
241179,F,
241246,J,
241511,F,
241610,F,
241711,J,
241744,J,
241777,F,
241914,F,
241916,F,
242015,F,
242016,F,
242115,F,
242182,F,
242380,F,
242479,J,2021-09-03
242513,F,
243011,F,
243045,F,
243146,F,
243181,F,
243182,F,
243281,F,
243315,J,
243348,J,
243546,F,
243579,F,
243646,F,
243813,F,
243846,F,
244045,F,
244144,F,
244177,J,
244277,F,
244409,J,
244476,F,
244741,F,
244873,J,
245138,F,
245239,F,
245341,F,
245342,J,
245542,F,
245576,F,
245610,F,
245711,F,
245744,J,
245844,J,
245943,J,
246009,F,
246141,F,
246174,F,
246240,F,
246273,J,
246405,F,
246472,F,
246641,J,
246675,F,
246811,J,
246877,F,
246912,J,
246945,F,
247044,F,
247210,J,
247409,F,
247609,J,
247841,J,
248011,J,
248044,F,
248110,F,
248143,F,
248176,F,
248275,F,
248308,F,
248342,J,
248508,J,
248607,F,
248972,F,
248973,F,
249040,F,
249274,J,
249309,F,
249375,J,
249575,J,
249642,F,
249808,F,
249841,F,
249874,F,
249973,F,
249976,F,
250012,F,
250112,F,
250248,F,
250349,J,
250360,J,
250493,F,
250526,F,
250527,F,
250561,J,
250627,F,
250693,F,
250792,F,
250892,J,
250925,F,
251091,J,
251157,J,
251192,F,
251324,F,
251562,F,
251761,J,
251827,J,
251926,F,
251959,F,
252093,F,
252194,J,
252725,F,
252758,J,
252958,F,
252991,F,
253095,J,
253260,F,
253359,F,
253559,F,
253593,F,
253660,J,
253662,F,
253663,F,
253763,F,
254029,F,
254062,F,
254095,F,
254128,F,
254161,F,
254227,F,
254293,F,
254326,F,
254491,F,
254590,F,
254623,F,
254626,F,
254725,F,
255123,J,
255156,F,
255255,F,
255321,J,
255694,F,
255760,F,
256027,F,
256060,F,
256061,J,
256160,F,
256194,F,
256227,F,
256427,F,
256460,J,
256559,F,
256625,J,
256659,J,
256692,F,
256725,F,
256824,F,
256825,F,
256858,F,
256924,J,
257256,F,
257355,F,
257522,F,
257621,F,
257825,F,
258025,F,
258058,F,
258125,F,2021-09-06
258688,F,
258789,F,
258954,F,
258987,J,
259087,F,
259186,F,
259254,F,
259321,F,
259387,F,
259488,F,
259587,F,
260181,F,
260280,F,
260313,J,
260414,F,
260681,F,
260750,F,
260783,F,
260784,F,
260854,F,
260923,F,
261023,J,
261089,F,
261156,F,
261189,F,
261487,F,
261619,F,
261790,J,
261959,F,
261994,J,
262159,F,
262192,J,
262193,F,
262359,F,
262392,F,
262792,F,
262891,J,
263197,F,
263863,J,
264163,F,
264398,F,
264565,F,
264598,F,
264862,F,
265027,F,
265326,F,
265623,F,
266528,F,
266760,F,
267178,F,
267212,F,
